sample_id,kind,family,method,status,applicability,output_kind,reason
controlled-v1/normal_mixing/00,controlled,normal_mixing,BALANCE_INFORMATION_REMOVED,COMPLETED,SUPPORTED,feasible_interval,
controlled-v1/normal_mixing/00,controlled,normal_mixing,FULL_INTERVAL,COMPLETED,SUPPORTED,feasible_interval,
controlled-v1/normal_mixing/00,controlled,normal_mixing,BOUNDED_REACHABILITY,COMPLETED,APPLICABLE,ADDRESS_EVENT_SET_NO_AMOUNT,
controlled-v1/normal_mixing/00,controlled,normal_mixing,POISON,COMPLETED,APPLICABLE,POISON_NOMINAL_RAW,
controlled-v1/normal_mixing/00,controlled,normal_mixing,HAIRCUT,COMPLETED,APPLICABLE,PROPORTIONAL_FEASIBLE_POINT,
controlled-v1/normal_mixing/00,controlled,normal_mixing,NO_CROSS_TARGET_COUPLING,COMPLETED,SUPPORTED,product_of_target_specific_copies,
controlled-v1/normal_mixing/00,controlled,normal_mixing,NO_PROTOCOL_CONTINUATION,COMPLETED,SUPPORTED,feasible_interval,
controlled-v1/normal_mixing/01,controlled,normal_mixing,BALANCE_INFORMATION_REMOVED,COMPLETED,SUPPORTED,feasible_interval,
controlled-v1/normal_mixing/01,controlled,normal_mixing,FULL_INTERVAL,COMPLETED,SUPPORTED,feasible_interval,
controlled-v1/normal_mixing/01,controlled,normal_mixing,BOUNDED_REACHABILITY,COMPLETED,APPLICABLE,ADDRESS_EVENT_SET_NO_AMOUNT,
controlled-v1/normal_mixing/01,controlled,normal_mixing,POISON,COMPLETED,APPLICABLE,POISON_NOMINAL_RAW,
controlled-v1/normal_mixing/01,controlled,normal_mixing,HAIRCUT,COMPLETED,APPLICABLE,PROPORTIONAL_FEASIBLE_POINT,
controlled-v1/normal_mixing/01,controlled,normal_mixing,NO_CROSS_TARGET_COUPLING,COMPLETED,SUPPORTED,product_of_target_specific_copies,
controlled-v1/normal_mixing/01,controlled,normal_mixing,NO_PROTOCOL_CONTINUATION,COMPLETED,SUPPORTED,feasible_interval,
controlled-v1/normal_mixing/02,controlled,normal_mixing,FULL_INTERVAL,COMPLETED,SUPPORTED,feasible_interval,
controlled-v1/normal_mixing/02,controlled,normal_mixing,BOUNDED_REACHABILITY,COMPLETED,APPLICABLE,ADDRESS_EVENT_SET_NO_AMOUNT,
controlled-v1/normal_mixing/02,controlled,normal_mixing,POISON,COMPLETED,APPLICABLE,POISON_NOMINAL_RAW,
controlled-v1/normal_mixing/02,controlled,normal_mixing,HAIRCUT,COMPLETED,APPLICABLE,PROPORTIONAL_FEASIBLE_POINT,
controlled-v1/normal_mixing/02,controlled,normal_mixing,NO_CROSS_TARGET_COUPLING,COMPLETED,SUPPORTED,product_of_target_specific_copies,
controlled-v1/normal_mixing/02,controlled,normal_mixing,NO_PROTOCOL_CONTINUATION,COMPLETED,SUPPORTED,feasible_interval,
controlled-v1/normal_mixing/02,controlled,normal_mixing,BALANCE_INFORMATION_REMOVED,COMPLETED,SUPPORTED,feasible_interval,
controlled-v1/normal_mixing/03,controlled,normal_mixing,BALANCE_INFORMATION_REMOVED,COMPLETED,SUPPORTED,feasible_interval,
controlled-v1/normal_mixing/03,controlled,normal_mixing,FULL_INTERVAL,COMPLETED,SUPPORTED,feasible_interval,
controlled-v1/normal_mixing/03,controlled,normal_mixing,BOUNDED_REACHABILITY,COMPLETED,APPLICABLE,ADDRESS_EVENT_SET_NO_AMOUNT,
controlled-v1/normal_mixing/03,controlled,normal_mixing,POISON,COMPLETED,APPLICABLE,POISON_NOMINAL_RAW,
controlled-v1/normal_mixing/03,controlled,normal_mixing,HAIRCUT,COMPLETED,APPLICABLE,PROPORTIONAL_FEASIBLE_POINT,
controlled-v1/normal_mixing/03,controlled,normal_mixing,NO_CROSS_TARGET_COUPLING,COMPLETED,SUPPORTED,product_of_target_specific_copies,
controlled-v1/normal_mixing/03,controlled,normal_mixing,NO_PROTOCOL_CONTINUATION,COMPLETED,SUPPORTED,feasible_interval,
controlled-v1/normal_mixing/04,controlled,normal_mixing,POISON,COMPLETED,APPLICABLE,POISON_NOMINAL_RAW,
controlled-v1/normal_mixing/04,controlled,normal_mixing,HAIRCUT,COMPLETED,APPLICABLE,PROPORTIONAL_FEASIBLE_POINT,
controlled-v1/normal_mixing/04,controlled,normal_mixing,NO_CROSS_TARGET_COUPLING,COMPLETED,SUPPORTED,product_of_target_specific_copies,
controlled-v1/normal_mixing/04,controlled,normal_mixing,NO_PROTOCOL_CONTINUATION,COMPLETED,SUPPORTED,feasible_interval,
controlled-v1/normal_mixing/04,controlled,normal_mixing,BALANCE_INFORMATION_REMOVED,COMPLETED,SUPPORTED,feasible_interval,
controlled-v1/normal_mixing/04,controlled,normal_mixing,FULL_INTERVAL,COMPLETED,SUPPORTED,feasible_interval,
controlled-v1/normal_mixing/04,controlled,normal_mixing,BOUNDED_REACHABILITY,COMPLETED,APPLICABLE,ADDRESS_EVENT_SET_NO_AMOUNT,
controlled-v1/normal_mixing/05,controlled,normal_mixing,POISON,COMPLETED,APPLICABLE,POISON_NOMINAL_RAW,
controlled-v1/normal_mixing/05,controlled,normal_mixing,HAIRCUT,COMPLETED,APPLICABLE,PROPORTIONAL_FEASIBLE_POINT,
controlled-v1/normal_mixing/05,controlled,normal_mixing,NO_CROSS_TARGET_COUPLING,COMPLETED,SUPPORTED,product_of_target_specific_copies,
controlled-v1/normal_mixing/05,controlled,normal_mixing,NO_PROTOCOL_CONTINUATION,COMPLETED,SUPPORTED,feasible_interval,
controlled-v1/normal_mixing/05,controlled,normal_mixing,BALANCE_INFORMATION_REMOVED,COMPLETED,SUPPORTED,feasible_interval,
controlled-v1/normal_mixing/05,controlled,normal_mixing,FULL_INTERVAL,COMPLETED,SUPPORTED,feasible_interval,
controlled-v1/normal_mixing/05,controlled,normal_mixing,BOUNDED_REACHABILITY,COMPLETED,APPLICABLE,ADDRESS_EVENT_SET_NO_AMOUNT,
controlled-v1/normal_mixing/06,controlled,normal_mixing,NO_CROSS_TARGET_COUPLING,COMPLETED,SUPPORTED,product_of_target_specific_copies,
controlled-v1/normal_mixing/06,controlled,normal_mixing,NO_PROTOCOL_CONTINUATION,COMPLETED,SUPPORTED,feasible_interval,
controlled-v1/normal_mixing/06,controlled,normal_mixing,BALANCE_INFORMATION_REMOVED,COMPLETED,SUPPORTED,feasible_interval,
controlled-v1/normal_mixing/06,controlled,normal_mixing,FULL_INTERVAL,COMPLETED,SUPPORTED,feasible_interval,
controlled-v1/normal_mixing/06,controlled,normal_mixing,BOUNDED_REACHABILITY,COMPLETED,APPLICABLE,ADDRESS_EVENT_SET_NO_AMOUNT,
controlled-v1/normal_mixing/06,controlled,normal_mixing,POISON,COMPLETED,APPLICABLE,POISON_NOMINAL_RAW,
controlled-v1/normal_mixing/06,controlled,normal_mixing,HAIRCUT,COMPLETED,APPLICABLE,PROPORTIONAL_FEASIBLE_POINT,
controlled-v1/normal_mixing/07,controlled,normal_mixing,BALANCE_INFORMATION_REMOVED,COMPLETED,SUPPORTED,feasible_interval,
controlled-v1/normal_mixing/07,controlled,normal_mixing,FULL_INTERVAL,COMPLETED,SUPPORTED,feasible_interval,
controlled-v1/normal_mixing/07,controlled,normal_mixing,BOUNDED_REACHABILITY,COMPLETED,APPLICABLE,ADDRESS_EVENT_SET_NO_AMOUNT,
controlled-v1/normal_mixing/07,controlled,normal_mixing,POISON,COMPLETED,APPLICABLE,POISON_NOMINAL_RAW,
controlled-v1/normal_mixing/07,controlled,normal_mixing,HAIRCUT,COMPLETED,APPLICABLE,PROPORTIONAL_FEASIBLE_POINT,
controlled-v1/normal_mixing/07,controlled,normal_mixing,NO_CROSS_TARGET_COUPLING,COMPLETED,SUPPORTED,product_of_target_specific_copies,
controlled-v1/normal_mixing/07,controlled,normal_mixing,NO_PROTOCOL_CONTINUATION,COMPLETED,SUPPORTED,feasible_interval,
controlled-v1/normal_mixing/08,controlled,normal_mixing,HAIRCUT,COMPLETED,APPLICABLE,PROPORTIONAL_FEASIBLE_POINT,
controlled-v1/normal_mixing/08,controlled,normal_mixing,NO_CROSS_TARGET_COUPLING,COMPLETED,SUPPORTED,product_of_target_specific_copies,
controlled-v1/normal_mixing/08,controlled,normal_mixing,NO_PROTOCOL_CONTINUATION,COMPLETED,SUPPORTED,feasible_interval,
controlled-v1/normal_mixing/08,controlled,normal_mixing,BALANCE_INFORMATION_REMOVED,COMPLETED,SUPPORTED,feasible_interval,
controlled-v1/normal_mixing/08,controlled,normal_mixing,FULL_INTERVAL,COMPLETED,SUPPORTED,feasible_interval,
controlled-v1/normal_mixing/08,controlled,normal_mixing,BOUNDED_REACHABILITY,COMPLETED,APPLICABLE,ADDRESS_EVENT_SET_NO_AMOUNT,
controlled-v1/normal_mixing/08,controlled,normal_mixing,POISON,COMPLETED,APPLICABLE,POISON_NOMINAL_RAW,
controlled-v1/normal_mixing/09,controlled,normal_mixing,BALANCE_INFORMATION_REMOVED,COMPLETED,SUPPORTED,feasible_interval,
controlled-v1/normal_mixing/09,controlled,normal_mixing,FULL_INTERVAL,COMPLETED,SUPPORTED,feasible_interval,
controlled-v1/normal_mixing/09,controlled,normal_mixing,BOUNDED_REACHABILITY,COMPLETED,APPLICABLE,ADDRESS_EVENT_SET_NO_AMOUNT,
controlled-v1/normal_mixing/09,controlled,normal_mixing,POISON,COMPLETED,APPLICABLE,POISON_NOMINAL_RAW,
controlled-v1/normal_mixing/09,controlled,normal_mixing,HAIRCUT,COMPLETED,APPLICABLE,PROPORTIONAL_FEASIBLE_POINT,
controlled-v1/normal_mixing/09,controlled,normal_mixing,NO_CROSS_TARGET_COUPLING,COMPLETED,SUPPORTED,product_of_target_specific_copies,
controlled-v1/normal_mixing/09,controlled,normal_mixing,NO_PROTOCOL_CONTINUATION,COMPLETED,SUPPORTED,feasible_interval,
controlled-v1/split_merge_shared_targets/00,controlled,split_merge_shared_targets,BOUNDED_REACHABILITY,COMPLETED,APPLICABLE,ADDRESS_EVENT_SET_NO_AMOUNT,
controlled-v1/split_merge_shared_targets/00,controlled,split_merge_shared_targets,POISON,COMPLETED,APPLICABLE,POISON_NOMINAL_RAW,
controlled-v1/split_merge_shared_targets/00,controlled,split_merge_shared_targets,HAIRCUT,COMPLETED,APPLICABLE,PROPORTIONAL_FEASIBLE_POINT,
controlled-v1/split_merge_shared_targets/00,controlled,split_merge_shared_targets,NO_CROSS_TARGET_COUPLING,COMPLETED,SUPPORTED,product_of_target_specific_copies,
controlled-v1/split_merge_shared_targets/00,controlled,split_merge_shared_targets,NO_PROTOCOL_CONTINUATION,COMPLETED,SUPPORTED,feasible_interval,
controlled-v1/split_merge_shared_targets/00,controlled,split_merge_shared_targets,BALANCE_INFORMATION_REMOVED,COMPLETED,SUPPORTED,feasible_interval,
controlled-v1/split_merge_shared_targets/00,controlled,split_merge_shared_targets,FULL_INTERVAL,COMPLETED,SUPPORTED,feasible_interval,
controlled-v1/split_merge_shared_targets/01,controlled,split_merge_shared_targets,FULL_INTERVAL,COMPLETED,SUPPORTED,feasible_interval,
controlled-v1/split_merge_shared_targets/01,controlled,split_merge_shared_targets,BOUNDED_REACHABILITY,COMPLETED,APPLICABLE,ADDRESS_EVENT_SET_NO_AMOUNT,
controlled-v1/split_merge_shared_targets/01,controlled,split_merge_shared_targets,POISON,COMPLETED,APPLICABLE,POISON_NOMINAL_RAW,
controlled-v1/split_merge_shared_targets/01,controlled,split_merge_shared_targets,HAIRCUT,COMPLETED,APPLICABLE,PROPORTIONAL_FEASIBLE_POINT,
controlled-v1/split_merge_shared_targets/01,controlled,split_merge_shared_targets,NO_CROSS_TARGET_COUPLING,COMPLETED,SUPPORTED,product_of_target_specific_copies,
controlled-v1/split_merge_shared_targets/01,controlled,split_merge_shared_targets,NO_PROTOCOL_CONTINUATION,COMPLETED,SUPPORTED,feasible_interval,
controlled-v1/split_merge_shared_targets/01,controlled,split_merge_shared_targets,BALANCE_INFORMATION_REMOVED,COMPLETED,SUPPORTED,feasible_interval,
controlled-v1/split_merge_shared_targets/02,controlled,split_merge_shared_targets,NO_CROSS_TARGET_COUPLING,COMPLETED,SUPPORTED,product_of_target_specific_copies,
controlled-v1/split_merge_shared_targets/02,controlled,split_merge_shared_targets,NO_PROTOCOL_CONTINUATION,COMPLETED,SUPPORTED,feasible_interval,
controlled-v1/split_merge_shared_targets/02,controlled,split_merge_shared_targets,BALANCE_INFORMATION_REMOVED,COMPLETED,SUPPORTED,feasible_interval,
controlled-v1/split_merge_shared_targets/02,controlled,split_merge_shared_targets,FULL_INTERVAL,COMPLETED,SUPPORTED,feasible_interval,
controlled-v1/split_merge_shared_targets/02,controlled,split_merge_shared_targets,BOUNDED_REACHABILITY,COMPLETED,APPLICABLE,ADDRESS_EVENT_SET_NO_AMOUNT,
controlled-v1/split_merge_shared_targets/02,controlled,split_merge_shared_targets,POISON,COMPLETED,APPLICABLE,POISON_NOMINAL_RAW,
controlled-v1/split_merge_shared_targets/02,controlled,split_merge_shared_targets,HAIRCUT,COMPLETED,APPLICABLE,PROPORTIONAL_FEASIBLE_POINT,
controlled-v1/split_merge_shared_targets/03,controlled,split_merge_shared_targets,BOUNDED_REACHABILITY,COMPLETED,APPLICABLE,ADDRESS_EVENT_SET_NO_AMOUNT,
controlled-v1/split_merge_shared_targets/03,controlled,split_merge_shared_targets,POISON,COMPLETED,APPLICABLE,POISON_NOMINAL_RAW,
controlled-v1/split_merge_shared_targets/03,controlled,split_merge_shared_targets,HAIRCUT,COMPLETED,APPLICABLE,PROPORTIONAL_FEASIBLE_POINT,
controlled-v1/split_merge_shared_targets/03,controlled,split_merge_shared_targets,NO_CROSS_TARGET_COUPLING,COMPLETED,SUPPORTED,product_of_target_specific_copies,
controlled-v1/split_merge_shared_targets/03,controlled,split_merge_shared_targets,NO_PROTOCOL_CONTINUATION,COMPLETED,SUPPORTED,feasible_interval,
controlled-v1/split_merge_shared_targets/03,controlled,split_merge_shared_targets,BALANCE_INFORMATION_REMOVED,COMPLETED,SUPPORTED,feasible_interval,
controlled-v1/split_merge_shared_targets/03,controlled,split_merge_shared_targets,FULL_INTERVAL,COMPLETED,SUPPORTED,feasible_interval,
controlled-v1/split_merge_shared_targets/04,controlled,split_merge_shared_targets,NO_PROTOCOL_CONTINUATION,COMPLETED,SUPPORTED,feasible_interval,
controlled-v1/split_merge_shared_targets/04,controlled,split_merge_shared_targets,BALANCE_INFORMATION_REMOVED,COMPLETED,SUPPORTED,feasible_interval,
controlled-v1/split_merge_shared_targets/04,controlled,split_merge_shared_targets,FULL_INTERVAL,COMPLETED,SUPPORTED,feasible_interval,
controlled-v1/split_merge_shared_targets/04,controlled,split_merge_shared_targets,BOUNDED_REACHABILITY,COMPLETED,APPLICABLE,ADDRESS_EVENT_SET_NO_AMOUNT,
controlled-v1/split_merge_shared_targets/04,controlled,split_merge_shared_targets,POISON,COMPLETED,APPLICABLE,POISON_NOMINAL_RAW,
controlled-v1/split_merge_shared_targets/04,controlled,split_merge_shared_targets,HAIRCUT,COMPLETED,APPLICABLE,PROPORTIONAL_FEASIBLE_POINT,
controlled-v1/split_merge_shared_targets/04,controlled,split_merge_shared_targets,NO_CROSS_TARGET_COUPLING,COMPLETED,SUPPORTED,product_of_target_specific_copies,
controlled-v1/split_merge_shared_targets/05,controlled,split_merge_shared_targets,FULL_INTERVAL,COMPLETED,SUPPORTED,feasible_interval,
controlled-v1/split_merge_shared_targets/05,controlled,split_merge_shared_targets,BOUNDED_REACHABILITY,COMPLETED,APPLICABLE,ADDRESS_EVENT_SET_NO_AMOUNT,
controlled-v1/split_merge_shared_targets/05,controlled,split_merge_shared_targets,POISON,COMPLETED,APPLICABLE,POISON_NOMINAL_RAW,
controlled-v1/split_merge_shared_targets/05,controlled,split_merge_shared_targets,HAIRCUT,COMPLETED,APPLICABLE,PROPORTIONAL_FEASIBLE_POINT,
controlled-v1/split_merge_shared_targets/05,controlled,split_merge_shared_targets,NO_CROSS_TARGET_COUPLING,COMPLETED,SUPPORTED,product_of_target_specific_copies,
controlled-v1/split_merge_shared_targets/05,controlled,split_merge_shared_targets,NO_PROTOCOL_CONTINUATION,COMPLETED,SUPPORTED,feasible_interval,
controlled-v1/split_merge_shared_targets/05,controlled,split_merge_shared_targets,BALANCE_INFORMATION_REMOVED,COMPLETED,SUPPORTED,feasible_interval,
controlled-v1/split_merge_shared_targets/06,controlled,split_merge_shared_targets,NO_CROSS_TARGET_COUPLING,COMPLETED,SUPPORTED,product_of_target_specific_copies,
controlled-v1/split_merge_shared_targets/06,controlled,split_merge_shared_targets,NO_PROTOCOL_CONTINUATION,COMPLETED,SUPPORTED,feasible_interval,
controlled-v1/split_merge_shared_targets/06,controlled,split_merge_shared_targets,BALANCE_INFORMATION_REMOVED,COMPLETED,SUPPORTED,feasible_interval,
controlled-v1/split_merge_shared_targets/06,controlled,split_merge_shared_targets,FULL_INTERVAL,COMPLETED,SUPPORTED,feasible_interval,
controlled-v1/split_merge_shared_targets/06,controlled,split_merge_shared_targets,BOUNDED_REACHABILITY,COMPLETED,APPLICABLE,ADDRESS_EVENT_SET_NO_AMOUNT,
controlled-v1/split_merge_shared_targets/06,controlled,split_merge_shared_targets,POISON,COMPLETED,APPLICABLE,POISON_NOMINAL_RAW,
controlled-v1/split_merge_shared_targets/06,controlled,split_merge_shared_targets,HAIRCUT,COMPLETED,APPLICABLE,PROPORTIONAL_FEASIBLE_POINT,
controlled-v1/split_merge_shared_targets/07,controlled,split_merge_shared_targets,BALANCE_INFORMATION_REMOVED,COMPLETED,SUPPORTED,feasible_interval,
controlled-v1/split_merge_shared_targets/07,controlled,split_merge_shared_targets,FULL_INTERVAL,COMPLETED,SUPPORTED,feasible_interval,
controlled-v1/split_merge_shared_targets/07,controlled,split_merge_shared_targets,BOUNDED_REACHABILITY,COMPLETED,APPLICABLE,ADDRESS_EVENT_SET_NO_AMOUNT,
controlled-v1/split_merge_shared_targets/07,controlled,split_merge_shared_targets,POISON,COMPLETED,APPLICABLE,POISON_NOMINAL_RAW,
controlled-v1/split_merge_shared_targets/07,controlled,split_merge_shared_targets,HAIRCUT,COMPLETED,APPLICABLE,PROPORTIONAL_FEASIBLE_POINT,
controlled-v1/split_merge_shared_targets/07,controlled,split_merge_shared_targets,NO_CROSS_TARGET_COUPLING,COMPLETED,SUPPORTED,product_of_target_specific_copies,
controlled-v1/split_merge_shared_targets/07,controlled,split_merge_shared_targets,NO_PROTOCOL_CONTINUATION,COMPLETED,SUPPORTED,feasible_interval,
controlled-v1/split_merge_shared_targets/08,controlled,split_merge_shared_targets,NO_PROTOCOL_CONTINUATION,COMPLETED,SUPPORTED,feasible_interval,
controlled-v1/split_merge_shared_targets/08,controlled,split_merge_shared_targets,BALANCE_INFORMATION_REMOVED,COMPLETED,SUPPORTED,feasible_interval,
controlled-v1/split_merge_shared_targets/08,controlled,split_merge_shared_targets,FULL_INTERVAL,COMPLETED,SUPPORTED,feasible_interval,
controlled-v1/split_merge_shared_targets/08,controlled,split_merge_shared_targets,BOUNDED_REACHABILITY,COMPLETED,APPLICABLE,ADDRESS_EVENT_SET_NO_AMOUNT,
controlled-v1/split_merge_shared_targets/08,controlled,split_merge_shared_targets,POISON,COMPLETED,APPLICABLE,POISON_NOMINAL_RAW,
controlled-v1/split_merge_shared_targets/08,controlled,split_merge_shared_targets,HAIRCUT,COMPLETED,APPLICABLE,PROPORTIONAL_FEASIBLE_POINT,
controlled-v1/split_merge_shared_targets/08,controlled,split_merge_shared_targets,NO_CROSS_TARGET_COUPLING,COMPLETED,SUPPORTED,product_of_target_specific_copies,
controlled-v1/split_merge_shared_targets/09,controlled,split_merge_shared_targets,BALANCE_INFORMATION_REMOVED,COMPLETED,SUPPORTED,feasible_interval,
controlled-v1/split_merge_shared_targets/09,controlled,split_merge_shared_targets,FULL_INTERVAL,COMPLETED,SUPPORTED,feasible_interval,
controlled-v1/split_merge_shared_targets/09,controlled,split_merge_shared_targets,BOUNDED_REACHABILITY,COMPLETED,APPLICABLE,ADDRESS_EVENT_SET_NO_AMOUNT,
controlled-v1/split_merge_shared_targets/09,controlled,split_merge_shared_targets,POISON,COMPLETED,APPLICABLE,POISON_NOMINAL_RAW,
controlled-v1/split_merge_shared_targets/09,controlled,split_merge_shared_targets,HAIRCUT,COMPLETED,APPLICABLE,PROPORTIONAL_FEASIBLE_POINT,
controlled-v1/split_merge_shared_targets/09,controlled,split_merge_shared_targets,NO_CROSS_TARGET_COUPLING,COMPLETED,SUPPORTED,product_of_target_specific_copies,
controlled-v1/split_merge_shared_targets/09,controlled,split_merge_shared_targets,NO_PROTOCOL_CONTINUATION,COMPLETED,SUPPORTED,feasible_interval,
controlled-v1/repeated_entries_timed_returns/00,controlled,repeated_entries_timed_returns,NO_CROSS_TARGET_COUPLING,COMPLETED,SUPPORTED,product_of_target_specific_copies,
controlled-v1/repeated_entries_timed_returns/00,controlled,repeated_entries_timed_returns,NO_PROTOCOL_CONTINUATION,COMPLETED,SUPPORTED,feasible_interval,
controlled-v1/repeated_entries_timed_returns/00,controlled,repeated_entries_timed_returns,BALANCE_INFORMATION_REMOVED,COMPLETED,SUPPORTED,feasible_interval,
controlled-v1/repeated_entries_timed_returns/00,controlled,repeated_entries_timed_returns,FULL_INTERVAL,COMPLETED,SUPPORTED,feasible_interval,
controlled-v1/repeated_entries_timed_returns/00,controlled,repeated_entries_timed_returns,BOUNDED_REACHABILITY,COMPLETED,APPLICABLE,ADDRESS_EVENT_SET_NO_AMOUNT,
controlled-v1/repeated_entries_timed_returns/00,controlled,repeated_entries_timed_returns,POISON,COMPLETED,APPLICABLE,POISON_NOMINAL_RAW,
controlled-v1/repeated_entries_timed_returns/00,controlled,repeated_entries_timed_returns,HAIRCUT,COMPLETED,APPLICABLE,PROPORTIONAL_FEASIBLE_POINT,
controlled-v1/repeated_entries_timed_returns/01,controlled,repeated_entries_timed_returns,FULL_INTERVAL,COMPLETED,SUPPORTED,feasible_interval,
controlled-v1/repeated_entries_timed_returns/01,controlled,repeated_entries_timed_returns,BOUNDED_REACHABILITY,COMPLETED,APPLICABLE,ADDRESS_EVENT_SET_NO_AMOUNT,
controlled-v1/repeated_entries_timed_returns/01,controlled,repeated_entries_timed_returns,POISON,COMPLETED,APPLICABLE,POISON_NOMINAL_RAW,
controlled-v1/repeated_entries_timed_returns/01,controlled,repeated_entries_timed_returns,HAIRCUT,COMPLETED,APPLICABLE,PROPORTIONAL_FEASIBLE_POINT,
controlled-v1/repeated_entries_timed_returns/01,controlled,repeated_entries_timed_returns,NO_CROSS_TARGET_COUPLING,COMPLETED,SUPPORTED,product_of_target_specific_copies,
controlled-v1/repeated_entries_timed_returns/01,controlled,repeated_entries_timed_returns,NO_PROTOCOL_CONTINUATION,COMPLETED,SUPPORTED,feasible_interval,
controlled-v1/repeated_entries_timed_returns/01,controlled,repeated_entries_timed_returns,BALANCE_INFORMATION_REMOVED,COMPLETED,SUPPORTED,feasible_interval,
controlled-v1/repeated_entries_timed_returns/02,controlled,repeated_entries_timed_returns,FULL_INTERVAL,COMPLETED,SUPPORTED,feasible_interval,
controlled-v1/repeated_entries_timed_returns/02,controlled,repeated_entries_timed_returns,BOUNDED_REACHABILITY,COMPLETED,APPLICABLE,ADDRESS_EVENT_SET_NO_AMOUNT,
controlled-v1/repeated_entries_timed_returns/02,controlled,repeated_entries_timed_returns,POISON,COMPLETED,APPLICABLE,POISON_NOMINAL_RAW,
controlled-v1/repeated_entries_timed_returns/02,controlled,repeated_entries_timed_returns,HAIRCUT,COMPLETED,APPLICABLE,PROPORTIONAL_FEASIBLE_POINT,
controlled-v1/repeated_entries_timed_returns/02,controlled,repeated_entries_timed_returns,NO_CROSS_TARGET_COUPLING,COMPLETED,SUPPORTED,product_of_target_specific_copies,
controlled-v1/repeated_entries_timed_returns/02,controlled,repeated_entries_timed_returns,NO_PROTOCOL_CONTINUATION,COMPLETED,SUPPORTED,feasible_interval,
controlled-v1/repeated_entries_timed_returns/02,controlled,repeated_entries_timed_returns,BALANCE_INFORMATION_REMOVED,COMPLETED,SUPPORTED,feasible_interval,
controlled-v1/repeated_entries_timed_returns/03,controlled,repeated_entries_timed_returns,NO_CROSS_TARGET_COUPLING,COMPLETED,SUPPORTED,product_of_target_specific_copies,
controlled-v1/repeated_entries_timed_returns/03,controlled,repeated_entries_timed_returns,NO_PROTOCOL_CONTINUATION,COMPLETED,SUPPORTED,feasible_interval,
controlled-v1/repeated_entries_timed_returns/03,controlled,repeated_entries_timed_returns,BALANCE_INFORMATION_REMOVED,COMPLETED,SUPPORTED,feasible_interval,
controlled-v1/repeated_entries_timed_returns/03,controlled,repeated_entries_timed_returns,FULL_INTERVAL,COMPLETED,SUPPORTED,feasible_interval,
controlled-v1/repeated_entries_timed_returns/03,controlled,repeated_entries_timed_returns,BOUNDED_REACHABILITY,COMPLETED,APPLICABLE,ADDRESS_EVENT_SET_NO_AMOUNT,
controlled-v1/repeated_entries_timed_returns/03,controlled,repeated_entries_timed_returns,POISON,COMPLETED,APPLICABLE,POISON_NOMINAL_RAW,
controlled-v1/repeated_entries_timed_returns/03,controlled,repeated_entries_timed_returns,HAIRCUT,COMPLETED,APPLICABLE,PROPORTIONAL_FEASIBLE_POINT,
controlled-v1/repeated_entries_timed_returns/04,controlled,repeated_entries_timed_returns,POISON,COMPLETED,APPLICABLE,POISON_NOMINAL_RAW,
controlled-v1/repeated_entries_timed_returns/04,controlled,repeated_entries_timed_returns,HAIRCUT,COMPLETED,APPLICABLE,PROPORTIONAL_FEASIBLE_POINT,
controlled-v1/repeated_entries_timed_returns/04,controlled,repeated_entries_timed_returns,NO_CROSS_TARGET_COUPLING,COMPLETED,SUPPORTED,product_of_target_specific_copies,
controlled-v1/repeated_entries_timed_returns/04,controlled,repeated_entries_timed_returns,NO_PROTOCOL_CONTINUATION,COMPLETED,SUPPORTED,feasible_interval,
controlled-v1/repeated_entries_timed_returns/04,controlled,repeated_entries_timed_returns,BALANCE_INFORMATION_REMOVED,COMPLETED,SUPPORTED,feasible_interval,
controlled-v1/repeated_entries_timed_returns/04,controlled,repeated_entries_timed_returns,FULL_INTERVAL,COMPLETED,SUPPORTED,feasible_interval,
controlled-v1/repeated_entries_timed_returns/04,controlled,repeated_entries_timed_returns,BOUNDED_REACHABILITY,COMPLETED,APPLICABLE,ADDRESS_EVENT_SET_NO_AMOUNT,
controlled-v1/repeated_entries_timed_returns/05,controlled,repeated_entries_timed_returns,BALANCE_INFORMATION_REMOVED,COMPLETED,SUPPORTED,feasible_interval,
controlled-v1/repeated_entries_timed_returns/05,controlled,repeated_entries_timed_returns,FULL_INTERVAL,COMPLETED,SUPPORTED,feasible_interval,
controlled-v1/repeated_entries_timed_returns/05,controlled,repeated_entries_timed_returns,BOUNDED_REACHABILITY,COMPLETED,APPLICABLE,ADDRESS_EVENT_SET_NO_AMOUNT,
controlled-v1/repeated_entries_timed_returns/05,controlled,repeated_entries_timed_returns,POISON,COMPLETED,APPLICABLE,POISON_NOMINAL_RAW,
controlled-v1/repeated_entries_timed_returns/05,controlled,repeated_entries_timed_returns,HAIRCUT,COMPLETED,APPLICABLE,PROPORTIONAL_FEASIBLE_POINT,
controlled-v1/repeated_entries_timed_returns/05,controlled,repeated_entries_timed_returns,NO_CROSS_TARGET_COUPLING,COMPLETED,SUPPORTED,product_of_target_specific_copies,
controlled-v1/repeated_entries_timed_returns/05,controlled,repeated_entries_timed_returns,NO_PROTOCOL_CONTINUATION,COMPLETED,SUPPORTED,feasible_interval,
controlled-v1/repeated_entries_timed_returns/06,controlled,repeated_entries_timed_returns,BOUNDED_REACHABILITY,COMPLETED,APPLICABLE,ADDRESS_EVENT_SET_NO_AMOUNT,
controlled-v1/repeated_entries_timed_returns/06,controlled,repeated_entries_timed_returns,POISON,COMPLETED,APPLICABLE,POISON_NOMINAL_RAW,
controlled-v1/repeated_entries_timed_returns/06,controlled,repeated_entries_timed_returns,HAIRCUT,COMPLETED,APPLICABLE,PROPORTIONAL_FEASIBLE_POINT,
controlled-v1/repeated_entries_timed_returns/06,controlled,repeated_entries_timed_returns,NO_CROSS_TARGET_COUPLING,COMPLETED,SUPPORTED,product_of_target_specific_copies,
controlled-v1/repeated_entries_timed_returns/06,controlled,repeated_entries_timed_returns,NO_PROTOCOL_CONTINUATION,COMPLETED,SUPPORTED,feasible_interval,
controlled-v1/repeated_entries_timed_returns/06,controlled,repeated_entries_timed_returns,BALANCE_INFORMATION_REMOVED,COMPLETED,SUPPORTED,feasible_interval,
controlled-v1/repeated_entries_timed_returns/06,controlled,repeated_entries_timed_returns,FULL_INTERVAL,COMPLETED,SUPPORTED,feasible_interval,
controlled-v1/repeated_entries_timed_returns/07,controlled,repeated_entries_timed_returns,FULL_INTERVAL,COMPLETED,SUPPORTED,feasible_interval,
controlled-v1/repeated_entries_timed_returns/07,controlled,repeated_entries_timed_returns,BOUNDED_REACHABILITY,COMPLETED,APPLICABLE,ADDRESS_EVENT_SET_NO_AMOUNT,
controlled-v1/repeated_entries_timed_returns/07,controlled,repeated_entries_timed_returns,POISON,COMPLETED,APPLICABLE,POISON_NOMINAL_RAW,
controlled-v1/repeated_entries_timed_returns/07,controlled,repeated_entries_timed_returns,HAIRCUT,COMPLETED,APPLICABLE,PROPORTIONAL_FEASIBLE_POINT,
controlled-v1/repeated_entries_timed_returns/07,controlled,repeated_entries_timed_returns,NO_CROSS_TARGET_COUPLING,COMPLETED,SUPPORTED,product_of_target_specific_copies,
controlled-v1/repeated_entries_timed_returns/07,controlled,repeated_entries_timed_returns,NO_PROTOCOL_CONTINUATION,COMPLETED,SUPPORTED,feasible_interval,
controlled-v1/repeated_entries_timed_returns/07,controlled,repeated_entries_timed_returns,BALANCE_INFORMATION_REMOVED,COMPLETED,SUPPORTED,feasible_interval,
controlled-v1/repeated_entries_timed_returns/08,controlled,repeated_entries_timed_returns,BALANCE_INFORMATION_REMOVED,COMPLETED,SUPPORTED,feasible_interval,
controlled-v1/repeated_entries_timed_returns/08,controlled,repeated_entries_timed_returns,FULL_INTERVAL,COMPLETED,SUPPORTED,feasible_interval,
controlled-v1/repeated_entries_timed_returns/08,controlled,repeated_entries_timed_returns,BOUNDED_REACHABILITY,COMPLETED,APPLICABLE,ADDRESS_EVENT_SET_NO_AMOUNT,
controlled-v1/repeated_entries_timed_returns/08,controlled,repeated_entries_timed_returns,POISON,COMPLETED,APPLICABLE,POISON_NOMINAL_RAW,
controlled-v1/repeated_entries_timed_returns/08,controlled,repeated_entries_timed_returns,HAIRCUT,COMPLETED,APPLICABLE,PROPORTIONAL_FEASIBLE_POINT,
controlled-v1/repeated_entries_timed_returns/08,controlled,repeated_entries_timed_returns,NO_CROSS_TARGET_COUPLING,COMPLETED,SUPPORTED,product_of_target_specific_copies,
controlled-v1/repeated_entries_timed_returns/08,controlled,repeated_entries_timed_returns,NO_PROTOCOL_CONTINUATION,COMPLETED,SUPPORTED,feasible_interval,
controlled-v1/repeated_entries_timed_returns/09,controlled,repeated_entries_timed_returns,FULL_INTERVAL,COMPLETED,SUPPORTED,feasible_interval,
controlled-v1/repeated_entries_timed_returns/09,controlled,repeated_entries_timed_returns,BOUNDED_REACHABILITY,COMPLETED,APPLICABLE,ADDRESS_EVENT_SET_NO_AMOUNT,
controlled-v1/repeated_entries_timed_returns/09,controlled,repeated_entries_timed_returns,POISON,COMPLETED,APPLICABLE,POISON_NOMINAL_RAW,
controlled-v1/repeated_entries_timed_returns/09,controlled,repeated_entries_timed_returns,HAIRCUT,COMPLETED,APPLICABLE,PROPORTIONAL_FEASIBLE_POINT,
controlled-v1/repeated_entries_timed_returns/09,controlled,repeated_entries_timed_returns,NO_CROSS_TARGET_COUPLING,COMPLETED,SUPPORTED,product_of_target_specific_copies,
controlled-v1/repeated_entries_timed_returns/09,controlled,repeated_entries_timed_returns,NO_PROTOCOL_CONTINUATION,COMPLETED,SUPPORTED,feasible_interval,
controlled-v1/repeated_entries_timed_returns/09,controlled,repeated_entries_timed_returns,BALANCE_INFORMATION_REMOVED,COMPLETED,SUPPORTED,feasible_interval,
controlled-v1/gas_background_and_anchors/00,controlled,gas_background_and_anchors,NO_CROSS_TARGET_COUPLING,COMPLETED,SUPPORTED,product_of_target_specific_copies,
controlled-v1/gas_background_and_anchors/00,controlled,gas_background_and_anchors,NO_PROTOCOL_CONTINUATION,COMPLETED,SUPPORTED,feasible_interval,
controlled-v1/gas_background_and_anchors/00,controlled,gas_background_and_anchors,BALANCE_INFORMATION_REMOVED,COMPLETED,SUPPORTED,feasible_interval,
controlled-v1/gas_background_and_anchors/00,controlled,gas_background_and_anchors,FULL_INTERVAL,COMPLETED,SUPPORTED,feasible_interval,
controlled-v1/gas_background_and_anchors/00,controlled,gas_background_and_anchors,BOUNDED_REACHABILITY,COMPLETED,APPLICABLE,ADDRESS_EVENT_SET_NO_AMOUNT,
controlled-v1/gas_background_and_anchors/00,controlled,gas_background_and_anchors,POISON,COMPLETED,APPLICABLE,POISON_NOMINAL_RAW,
controlled-v1/gas_background_and_anchors/00,controlled,gas_background_and_anchors,HAIRCUT,COMPLETED,APPLICABLE,PROPORTIONAL_FEASIBLE_POINT,
controlled-v1/gas_background_and_anchors/01,controlled,gas_background_and_anchors,NO_CROSS_TARGET_COUPLING,COMPLETED,SUPPORTED,product_of_target_specific_copies,
controlled-v1/gas_background_and_anchors/01,controlled,gas_background_and_anchors,NO_PROTOCOL_CONTINUATION,COMPLETED,SUPPORTED,feasible_interval,
controlled-v1/gas_background_and_anchors/01,controlled,gas_background_and_anchors,BALANCE_INFORMATION_REMOVED,COMPLETED,SUPPORTED,feasible_interval,
controlled-v1/gas_background_and_anchors/01,controlled,gas_background_and_anchors,FULL_INTERVAL,COMPLETED,SUPPORTED,feasible_interval,
controlled-v1/gas_background_and_anchors/01,controlled,gas_background_and_anchors,BOUNDED_REACHABILITY,COMPLETED,APPLICABLE,ADDRESS_EVENT_SET_NO_AMOUNT,
controlled-v1/gas_background_and_anchors/01,controlled,gas_background_and_anchors,POISON,COMPLETED,APPLICABLE,POISON_NOMINAL_RAW,
controlled-v1/gas_background_and_anchors/01,controlled,gas_background_and_anchors,HAIRCUT,COMPLETED,APPLICABLE,PROPORTIONAL_FEASIBLE_POINT,
controlled-v1/gas_background_and_anchors/02,controlled,gas_background_and_anchors,BOUNDED_REACHABILITY,COMPLETED,APPLICABLE,ADDRESS_EVENT_SET_NO_AMOUNT,
controlled-v1/gas_background_and_anchors/02,controlled,gas_background_and_anchors,POISON,COMPLETED,APPLICABLE,POISON_NOMINAL_RAW,
controlled-v1/gas_background_and_anchors/02,controlled,gas_background_and_anchors,HAIRCUT,COMPLETED,APPLICABLE,PROPORTIONAL_FEASIBLE_POINT,
controlled-v1/gas_background_and_anchors/02,controlled,gas_background_and_anchors,NO_CROSS_TARGET_COUPLING,COMPLETED,SUPPORTED,product_of_target_specific_copies,
controlled-v1/gas_background_and_anchors/02,controlled,gas_background_and_anchors,NO_PROTOCOL_CONTINUATION,COMPLETED,SUPPORTED,feasible_interval,
controlled-v1/gas_background_and_anchors/02,controlled,gas_background_and_anchors,BALANCE_INFORMATION_REMOVED,COMPLETED,SUPPORTED,feasible_interval,
controlled-v1/gas_background_and_anchors/02,controlled,gas_background_and_anchors,FULL_INTERVAL,COMPLETED,SUPPORTED,feasible_interval,
controlled-v1/gas_background_and_anchors/03,controlled,gas_background_and_anchors,NO_PROTOCOL_CONTINUATION,COMPLETED,SUPPORTED,feasible_interval,
controlled-v1/gas_background_and_anchors/03,controlled,gas_background_and_anchors,BALANCE_INFORMATION_REMOVED,COMPLETED,SUPPORTED,feasible_interval,
controlled-v1/gas_background_and_anchors/03,controlled,gas_background_and_anchors,FULL_INTERVAL,COMPLETED,SUPPORTED,feasible_interval,
controlled-v1/gas_background_and_anchors/03,controlled,gas_background_and_anchors,BOUNDED_REACHABILITY,COMPLETED,APPLICABLE,ADDRESS_EVENT_SET_NO_AMOUNT,
controlled-v1/gas_background_and_anchors/03,controlled,gas_background_and_anchors,POISON,COMPLETED,APPLICABLE,POISON_NOMINAL_RAW,
controlled-v1/gas_background_and_anchors/03,controlled,gas_background_and_anchors,HAIRCUT,COMPLETED,APPLICABLE,PROPORTIONAL_FEASIBLE_POINT,
controlled-v1/gas_background_and_anchors/03,controlled,gas_background_and_anchors,NO_CROSS_TARGET_COUPLING,COMPLETED,SUPPORTED,product_of_target_specific_copies,
controlled-v1/gas_background_and_anchors/04,controlled,gas_background_and_anchors,NO_CROSS_TARGET_COUPLING,COMPLETED,SUPPORTED,product_of_target_specific_copies,
controlled-v1/gas_background_and_anchors/04,controlled,gas_background_and_anchors,NO_PROTOCOL_CONTINUATION,COMPLETED,SUPPORTED,feasible_interval,
controlled-v1/gas_background_and_anchors/04,controlled,gas_background_and_anchors,BALANCE_INFORMATION_REMOVED,COMPLETED,SUPPORTED,feasible_interval,
controlled-v1/gas_background_and_anchors/04,controlled,gas_background_and_anchors,FULL_INTERVAL,COMPLETED,SUPPORTED,feasible_interval,
controlled-v1/gas_background_and_anchors/04,controlled,gas_background_and_anchors,BOUNDED_REACHABILITY,COMPLETED,APPLICABLE,ADDRESS_EVENT_SET_NO_AMOUNT,
controlled-v1/gas_background_and_anchors/04,controlled,gas_background_and_anchors,POISON,COMPLETED,APPLICABLE,POISON_NOMINAL_RAW,
controlled-v1/gas_background_and_anchors/04,controlled,gas_background_and_anchors,HAIRCUT,COMPLETED,APPLICABLE,PROPORTIONAL_FEASIBLE_POINT,
controlled-v1/gas_background_and_anchors/05,controlled,gas_background_and_anchors,BALANCE_INFORMATION_REMOVED,COMPLETED,SUPPORTED,feasible_interval,
controlled-v1/gas_background_and_anchors/05,controlled,gas_background_and_anchors,FULL_INTERVAL,COMPLETED,SUPPORTED,feasible_interval,
controlled-v1/gas_background_and_anchors/05,controlled,gas_background_and_anchors,BOUNDED_REACHABILITY,COMPLETED,APPLICABLE,ADDRESS_EVENT_SET_NO_AMOUNT,
controlled-v1/gas_background_and_anchors/05,controlled,gas_background_and_anchors,POISON,COMPLETED,APPLICABLE,POISON_NOMINAL_RAW,
controlled-v1/gas_background_and_anchors/05,controlled,gas_background_and_anchors,HAIRCUT,COMPLETED,APPLICABLE,PROPORTIONAL_FEASIBLE_POINT,
controlled-v1/gas_background_and_anchors/05,controlled,gas_background_and_anchors,NO_CROSS_TARGET_COUPLING,COMPLETED,SUPPORTED,product_of_target_specific_copies,
controlled-v1/gas_background_and_anchors/05,controlled,gas_background_and_anchors,NO_PROTOCOL_CONTINUATION,COMPLETED,SUPPORTED,feasible_interval,
controlled-v1/gas_background_and_anchors/06,controlled,gas_background_and_anchors,BOUNDED_REACHABILITY,COMPLETED,APPLICABLE,ADDRESS_EVENT_SET_NO_AMOUNT,
controlled-v1/gas_background_and_anchors/06,controlled,gas_background_and_anchors,POISON,COMPLETED,APPLICABLE,POISON_NOMINAL_RAW,
controlled-v1/gas_background_and_anchors/06,controlled,gas_background_and_anchors,HAIRCUT,COMPLETED,APPLICABLE,PROPORTIONAL_FEASIBLE_POINT,
controlled-v1/gas_background_and_anchors/06,controlled,gas_background_and_anchors,NO_CROSS_TARGET_COUPLING,COMPLETED,SUPPORTED,product_of_target_specific_copies,
controlled-v1/gas_background_and_anchors/06,controlled,gas_background_and_anchors,NO_PROTOCOL_CONTINUATION,COMPLETED,SUPPORTED,feasible_interval,
controlled-v1/gas_background_and_anchors/06,controlled,gas_background_and_anchors,BALANCE_INFORMATION_REMOVED,COMPLETED,SUPPORTED,feasible_interval,
controlled-v1/gas_background_and_anchors/06,controlled,gas_background_and_anchors,FULL_INTERVAL,COMPLETED,SUPPORTED,feasible_interval,
controlled-v1/gas_background_and_anchors/07,controlled,gas_background_and_anchors,HAIRCUT,COMPLETED,APPLICABLE,PROPORTIONAL_FEASIBLE_POINT,
controlled-v1/gas_background_and_anchors/07,controlled,gas_background_and_anchors,NO_CROSS_TARGET_COUPLING,COMPLETED,SUPPORTED,product_of_target_specific_copies,
controlled-v1/gas_background_and_anchors/07,controlled,gas_background_and_anchors,NO_PROTOCOL_CONTINUATION,COMPLETED,SUPPORTED,feasible_interval,
controlled-v1/gas_background_and_anchors/07,controlled,gas_background_and_anchors,BALANCE_INFORMATION_REMOVED,COMPLETED,SUPPORTED,feasible_interval,
controlled-v1/gas_background_and_anchors/07,controlled,gas_background_and_anchors,FULL_INTERVAL,COMPLETED,SUPPORTED,feasible_interval,
controlled-v1/gas_background_and_anchors/07,controlled,gas_background_and_anchors,BOUNDED_REACHABILITY,COMPLETED,APPLICABLE,ADDRESS_EVENT_SET_NO_AMOUNT,
controlled-v1/gas_background_and_anchors/07,controlled,gas_background_and_anchors,POISON,COMPLETED,APPLICABLE,POISON_NOMINAL_RAW,
controlled-v1/gas_background_and_anchors/08,controlled,gas_background_and_anchors,FULL_INTERVAL,COMPLETED,SUPPORTED,feasible_interval,
controlled-v1/gas_background_and_anchors/08,controlled,gas_background_and_anchors,BOUNDED_REACHABILITY,COMPLETED,APPLICABLE,ADDRESS_EVENT_SET_NO_AMOUNT,
controlled-v1/gas_background_and_anchors/08,controlled,gas_background_and_anchors,POISON,COMPLETED,APPLICABLE,POISON_NOMINAL_RAW,
controlled-v1/gas_background_and_anchors/08,controlled,gas_background_and_anchors,HAIRCUT,COMPLETED,APPLICABLE,PROPORTIONAL_FEASIBLE_POINT,
controlled-v1/gas_background_and_anchors/08,controlled,gas_background_and_anchors,NO_CROSS_TARGET_COUPLING,COMPLETED,SUPPORTED,product_of_target_specific_copies,
controlled-v1/gas_background_and_anchors/08,controlled,gas_background_and_anchors,NO_PROTOCOL_CONTINUATION,COMPLETED,SUPPORTED,feasible_interval,
controlled-v1/gas_background_and_anchors/08,controlled,gas_background_and_anchors,BALANCE_INFORMATION_REMOVED,COMPLETED,SUPPORTED,feasible_interval,
controlled-v1/gas_background_and_anchors/09,controlled,gas_background_and_anchors,HAIRCUT,COMPLETED,APPLICABLE,PROPORTIONAL_FEASIBLE_POINT,
controlled-v1/gas_background_and_anchors/09,controlled,gas_background_and_anchors,NO_CROSS_TARGET_COUPLING,COMPLETED,SUPPORTED,product_of_target_specific_copies,
controlled-v1/gas_background_and_anchors/09,controlled,gas_background_and_anchors,NO_PROTOCOL_CONTINUATION,COMPLETED,SUPPORTED,feasible_interval,
controlled-v1/gas_background_and_anchors/09,controlled,gas_background_and_anchors,BALANCE_INFORMATION_REMOVED,COMPLETED,SUPPORTED,feasible_interval,
controlled-v1/gas_background_and_anchors/09,controlled,gas_background_and_anchors,FULL_INTERVAL,COMPLETED,SUPPORTED,feasible_interval,
controlled-v1/gas_background_and_anchors/09,controlled,gas_background_and_anchors,BOUNDED_REACHABILITY,COMPLETED,APPLICABLE,ADDRESS_EVENT_SET_NO_AMOUNT,
controlled-v1/gas_background_and_anchors/09,controlled,gas_background_and_anchors,POISON,COMPLETED,APPLICABLE,POISON_NOMINAL_RAW,
controlled-v1/canonical_weth_1to1/00,controlled,canonical_weth_1to1,POISON,COMPLETED,APPLICABLE,POISON_NOMINAL_RAW,
controlled-v1/canonical_weth_1to1/00,controlled,canonical_weth_1to1,HAIRCUT,COMPLETED,APPLICABLE,PROPORTIONAL_FEASIBLE_POINT,
controlled-v1/canonical_weth_1to1/00,controlled,canonical_weth_1to1,NO_CROSS_TARGET_COUPLING,COMPLETED,SUPPORTED,product_of_target_specific_copies,
controlled-v1/canonical_weth_1to1/00,controlled,canonical_weth_1to1,NO_PROTOCOL_CONTINUATION,COMPLETED,SUPPORTED,feasible_interval,
controlled-v1/canonical_weth_1to1/00,controlled,canonical_weth_1to1,BALANCE_INFORMATION_REMOVED,COMPLETED,SUPPORTED,feasible_interval,
controlled-v1/canonical_weth_1to1/00,controlled,canonical_weth_1to1,FULL_INTERVAL,COMPLETED,SUPPORTED,feasible_interval,
controlled-v1/canonical_weth_1to1/00,controlled,canonical_weth_1to1,BOUNDED_REACHABILITY,COMPLETED,APPLICABLE,ADDRESS_EVENT_SET_NO_AMOUNT,
controlled-v1/canonical_weth_1to1/01,controlled,canonical_weth_1to1,POISON,COMPLETED,APPLICABLE,POISON_NOMINAL_RAW,
controlled-v1/canonical_weth_1to1/01,controlled,canonical_weth_1to1,HAIRCUT,COMPLETED,APPLICABLE,PROPORTIONAL_FEASIBLE_POINT,
controlled-v1/canonical_weth_1to1/01,controlled,canonical_weth_1to1,NO_CROSS_TARGET_COUPLING,COMPLETED,SUPPORTED,product_of_target_specific_copies,
controlled-v1/canonical_weth_1to1/01,controlled,canonical_weth_1to1,NO_PROTOCOL_CONTINUATION,COMPLETED,SUPPORTED,feasible_interval,
controlled-v1/canonical_weth_1to1/01,controlled,canonical_weth_1to1,BALANCE_INFORMATION_REMOVED,COMPLETED,SUPPORTED,feasible_interval,
controlled-v1/canonical_weth_1to1/01,controlled,canonical_weth_1to1,FULL_INTERVAL,COMPLETED,SUPPORTED,feasible_interval,
controlled-v1/canonical_weth_1to1/01,controlled,canonical_weth_1to1,BOUNDED_REACHABILITY,COMPLETED,APPLICABLE,ADDRESS_EVENT_SET_NO_AMOUNT,
controlled-v1/canonical_weth_1to1/02,controlled,canonical_weth_1to1,FULL_INTERVAL,COMPLETED,SUPPORTED,feasible_interval,
controlled-v1/canonical_weth_1to1/02,controlled,canonical_weth_1to1,BOUNDED_REACHABILITY,COMPLETED,APPLICABLE,ADDRESS_EVENT_SET_NO_AMOUNT,
controlled-v1/canonical_weth_1to1/02,controlled,canonical_weth_1to1,POISON,COMPLETED,APPLICABLE,POISON_NOMINAL_RAW,
controlled-v1/canonical_weth_1to1/02,controlled,canonical_weth_1to1,HAIRCUT,COMPLETED,APPLICABLE,PROPORTIONAL_FEASIBLE_POINT,
controlled-v1/canonical_weth_1to1/02,controlled,canonical_weth_1to1,NO_CROSS_TARGET_COUPLING,COMPLETED,SUPPORTED,product_of_target_specific_copies,
controlled-v1/canonical_weth_1to1/02,controlled,canonical_weth_1to1,NO_PROTOCOL_CONTINUATION,COMPLETED,SUPPORTED,feasible_interval,
controlled-v1/canonical_weth_1to1/02,controlled,canonical_weth_1to1,BALANCE_INFORMATION_REMOVED,COMPLETED,SUPPORTED,feasible_interval,
controlled-v1/canonical_weth_1to1/03,controlled,canonical_weth_1to1,NO_CROSS_TARGET_COUPLING,COMPLETED,SUPPORTED,product_of_target_specific_copies,
controlled-v1/canonical_weth_1to1/03,controlled,canonical_weth_1to1,NO_PROTOCOL_CONTINUATION,COMPLETED,SUPPORTED,feasible_interval,
controlled-v1/canonical_weth_1to1/03,controlled,canonical_weth_1to1,BALANCE_INFORMATION_REMOVED,COMPLETED,SUPPORTED,feasible_interval,
controlled-v1/canonical_weth_1to1/03,controlled,canonical_weth_1to1,FULL_INTERVAL,COMPLETED,SUPPORTED,feasible_interval,
controlled-v1/canonical_weth_1to1/03,controlled,canonical_weth_1to1,BOUNDED_REACHABILITY,COMPLETED,APPLICABLE,ADDRESS_EVENT_SET_NO_AMOUNT,
controlled-v1/canonical_weth_1to1/03,controlled,canonical_weth_1to1,POISON,COMPLETED,APPLICABLE,POISON_NOMINAL_RAW,
controlled-v1/canonical_weth_1to1/03,controlled,canonical_weth_1to1,HAIRCUT,COMPLETED,APPLICABLE,PROPORTIONAL_FEASIBLE_POINT,
controlled-v1/canonical_weth_1to1/04,controlled,canonical_weth_1to1,FULL_INTERVAL,COMPLETED,SUPPORTED,feasible_interval,
controlled-v1/canonical_weth_1to1/04,controlled,canonical_weth_1to1,BOUNDED_REACHABILITY,COMPLETED,APPLICABLE,ADDRESS_EVENT_SET_NO_AMOUNT,
controlled-v1/canonical_weth_1to1/04,controlled,canonical_weth_1to1,POISON,COMPLETED,APPLICABLE,POISON_NOMINAL_RAW,
controlled-v1/canonical_weth_1to1/04,controlled,canonical_weth_1to1,HAIRCUT,COMPLETED,APPLICABLE,PROPORTIONAL_FEASIBLE_POINT,
controlled-v1/canonical_weth_1to1/04,controlled,canonical_weth_1to1,NO_CROSS_TARGET_COUPLING,COMPLETED,SUPPORTED,product_of_target_specific_copies,
controlled-v1/canonical_weth_1to1/04,controlled,canonical_weth_1to1,NO_PROTOCOL_CONTINUATION,COMPLETED,SUPPORTED,feasible_interval,
controlled-v1/canonical_weth_1to1/04,controlled,canonical_weth_1to1,BALANCE_INFORMATION_REMOVED,COMPLETED,SUPPORTED,feasible_interval,
controlled-v1/canonical_weth_1to1/05,controlled,canonical_weth_1to1,NO_PROTOCOL_CONTINUATION,COMPLETED,SUPPORTED,feasible_interval,
controlled-v1/canonical_weth_1to1/05,controlled,canonical_weth_1to1,BALANCE_INFORMATION_REMOVED,COMPLETED,SUPPORTED,feasible_interval,
controlled-v1/canonical_weth_1to1/05,controlled,canonical_weth_1to1,FULL_INTERVAL,COMPLETED,SUPPORTED,feasible_interval,
controlled-v1/canonical_weth_1to1/05,controlled,canonical_weth_1to1,BOUNDED_REACHABILITY,COMPLETED,APPLICABLE,ADDRESS_EVENT_SET_NO_AMOUNT,
controlled-v1/canonical_weth_1to1/05,controlled,canonical_weth_1to1,POISON,COMPLETED,APPLICABLE,POISON_NOMINAL_RAW,
controlled-v1/canonical_weth_1to1/05,controlled,canonical_weth_1to1,HAIRCUT,COMPLETED,APPLICABLE,PROPORTIONAL_FEASIBLE_POINT,
controlled-v1/canonical_weth_1to1/05,controlled,canonical_weth_1to1,NO_CROSS_TARGET_COUPLING,COMPLETED,SUPPORTED,product_of_target_specific_copies,
controlled-v1/canonical_weth_1to1/06,controlled,canonical_weth_1to1,FULL_INTERVAL,COMPLETED,SUPPORTED,feasible_interval,
controlled-v1/canonical_weth_1to1/06,controlled,canonical_weth_1to1,BOUNDED_REACHABILITY,COMPLETED,APPLICABLE,ADDRESS_EVENT_SET_NO_AMOUNT,
controlled-v1/canonical_weth_1to1/06,controlled,canonical_weth_1to1,POISON,COMPLETED,APPLICABLE,POISON_NOMINAL_RAW,
controlled-v1/canonical_weth_1to1/06,controlled,canonical_weth_1to1,HAIRCUT,COMPLETED,APPLICABLE,PROPORTIONAL_FEASIBLE_POINT,
controlled-v1/canonical_weth_1to1/06,controlled,canonical_weth_1to1,NO_CROSS_TARGET_COUPLING,COMPLETED,SUPPORTED,product_of_target_specific_copies,
controlled-v1/canonical_weth_1to1/06,controlled,canonical_weth_1to1,NO_PROTOCOL_CONTINUATION,COMPLETED,SUPPORTED,feasible_interval,
controlled-v1/canonical_weth_1to1/06,controlled,canonical_weth_1to1,BALANCE_INFORMATION_REMOVED,COMPLETED,SUPPORTED,feasible_interval,
controlled-v1/canonical_weth_1to1/07,controlled,canonical_weth_1to1,HAIRCUT,COMPLETED,APPLICABLE,PROPORTIONAL_FEASIBLE_POINT,
controlled-v1/canonical_weth_1to1/07,controlled,canonical_weth_1to1,NO_CROSS_TARGET_COUPLING,COMPLETED,SUPPORTED,product_of_target_specific_copies,
controlled-v1/canonical_weth_1to1/07,controlled,canonical_weth_1to1,NO_PROTOCOL_CONTINUATION,COMPLETED,SUPPORTED,feasible_interval,
controlled-v1/canonical_weth_1to1/07,controlled,canonical_weth_1to1,BALANCE_INFORMATION_REMOVED,COMPLETED,SUPPORTED,feasible_interval,
controlled-v1/canonical_weth_1to1/07,controlled,canonical_weth_1to1,FULL_INTERVAL,COMPLETED,SUPPORTED,feasible_interval,
controlled-v1/canonical_weth_1to1/07,controlled,canonical_weth_1to1,BOUNDED_REACHABILITY,COMPLETED,APPLICABLE,ADDRESS_EVENT_SET_NO_AMOUNT,
controlled-v1/canonical_weth_1to1/07,controlled,canonical_weth_1to1,POISON,COMPLETED,APPLICABLE,POISON_NOMINAL_RAW,
controlled-v1/canonical_weth_1to1/08,controlled,canonical_weth_1to1,BALANCE_INFORMATION_REMOVED,COMPLETED,SUPPORTED,feasible_interval,
controlled-v1/canonical_weth_1to1/08,controlled,canonical_weth_1to1,FULL_INTERVAL,COMPLETED,SUPPORTED,feasible_interval,
controlled-v1/canonical_weth_1to1/08,controlled,canonical_weth_1to1,BOUNDED_REACHABILITY,COMPLETED,APPLICABLE,ADDRESS_EVENT_SET_NO_AMOUNT,
controlled-v1/canonical_weth_1to1/08,controlled,canonical_weth_1to1,POISON,COMPLETED,APPLICABLE,POISON_NOMINAL_RAW,
controlled-v1/canonical_weth_1to1/08,controlled,canonical_weth_1to1,HAIRCUT,COMPLETED,APPLICABLE,PROPORTIONAL_FEASIBLE_POINT,
controlled-v1/canonical_weth_1to1/08,controlled,canonical_weth_1to1,NO_CROSS_TARGET_COUPLING,COMPLETED,SUPPORTED,product_of_target_specific_copies,
controlled-v1/canonical_weth_1to1/08,controlled,canonical_weth_1to1,NO_PROTOCOL_CONTINUATION,COMPLETED,SUPPORTED,feasible_interval,
controlled-v1/canonical_weth_1to1/09,controlled,canonical_weth_1to1,POISON,COMPLETED,APPLICABLE,POISON_NOMINAL_RAW,
controlled-v1/canonical_weth_1to1/09,controlled,canonical_weth_1to1,HAIRCUT,COMPLETED,APPLICABLE,PROPORTIONAL_FEASIBLE_POINT,
controlled-v1/canonical_weth_1to1/09,controlled,canonical_weth_1to1,NO_CROSS_TARGET_COUPLING,COMPLETED,SUPPORTED,product_of_target_specific_copies,
controlled-v1/canonical_weth_1to1/09,controlled,canonical_weth_1to1,NO_PROTOCOL_CONTINUATION,COMPLETED,SUPPORTED,feasible_interval,
controlled-v1/canonical_weth_1to1/09,controlled,canonical_weth_1to1,BALANCE_INFORMATION_REMOVED,COMPLETED,SUPPORTED,feasible_interval,
controlled-v1/canonical_weth_1to1/09,controlled,canonical_weth_1to1,FULL_INTERVAL,COMPLETED,SUPPORTED,feasible_interval,
controlled-v1/canonical_weth_1to1/09,controlled,canonical_weth_1to1,BOUNDED_REACHABILITY,COMPLETED,APPLICABLE,ADDRESS_EVENT_SET_NO_AMOUNT,
controlled-v1/missing_information_and_boundary_controls/00,controlled,missing_information_and_boundary_controls,HAIRCUT,COMPLETED,APPLICABLE,PROPORTIONAL_FEASIBLE_POINT,
controlled-v1/missing_information_and_boundary_controls/00,controlled,missing_information_and_boundary_controls,NO_CROSS_TARGET_COUPLING,COMPLETED,SUPPORTED,product_of_target_specific_copies,
controlled-v1/missing_information_and_boundary_controls/00,controlled,missing_information_and_boundary_controls,NO_PROTOCOL_CONTINUATION,COMPLETED,SUPPORTED,feasible_interval,
controlled-v1/missing_information_and_boundary_controls/00,controlled,missing_information_and_boundary_controls,BALANCE_INFORMATION_REMOVED,COMPLETED,SUPPORTED,feasible_interval,
controlled-v1/missing_information_and_boundary_controls/00,controlled,missing_information_and_boundary_controls,FULL_INTERVAL,COMPLETED,SUPPORTED,feasible_interval,
controlled-v1/missing_information_and_boundary_controls/00,controlled,missing_information_and_boundary_controls,BOUNDED_REACHABILITY,COMPLETED,APPLICABLE,ADDRESS_EVENT_SET_NO_AMOUNT,
controlled-v1/missing_information_and_boundary_controls/00,controlled,missing_information_and_boundary_controls,POISON,COMPLETED,APPLICABLE,POISON_NOMINAL_RAW,
controlled-v1/missing_information_and_boundary_controls/01,controlled,missing_information_and_boundary_controls,NO_CROSS_TARGET_COUPLING,COMPLETED,SUPPORTED,product_of_target_specific_copies,
controlled-v1/missing_information_and_boundary_controls/01,controlled,missing_information_and_boundary_controls,NO_PROTOCOL_CONTINUATION,COMPLETED,SUPPORTED,feasible_interval,
controlled-v1/missing_information_and_boundary_controls/01,controlled,missing_information_and_boundary_controls,BALANCE_INFORMATION_REMOVED,COMPLETED,SUPPORTED,feasible_interval,
controlled-v1/missing_information_and_boundary_controls/01,controlled,missing_information_and_boundary_controls,FULL_INTERVAL,COMPLETED,SUPPORTED,feasible_interval,
controlled-v1/missing_information_and_boundary_controls/01,controlled,missing_information_and_boundary_controls,BOUNDED_REACHABILITY,COMPLETED,APPLICABLE,ADDRESS_EVENT_SET_NO_AMOUNT,
controlled-v1/missing_information_and_boundary_controls/01,controlled,missing_information_and_boundary_controls,POISON,COMPLETED,APPLICABLE,POISON_NOMINAL_RAW,
controlled-v1/missing_information_and_boundary_controls/01,controlled,missing_information_and_boundary_controls,HAIRCUT,COMPLETED,APPLICABLE,PROPORTIONAL_FEASIBLE_POINT,
controlled-v1/missing_information_and_boundary_controls/02,controlled,missing_information_and_boundary_controls,NO_PROTOCOL_CONTINUATION,COMPLETED,SUPPORTED,feasible_interval,
controlled-v1/missing_information_and_boundary_controls/02,controlled,missing_information_and_boundary_controls,BALANCE_INFORMATION_REMOVED,COMPLETED,SUPPORTED,feasible_interval,
controlled-v1/missing_information_and_boundary_controls/02,controlled,missing_information_and_boundary_controls,FULL_INTERVAL,COMPLETED,SUPPORTED,feasible_interval,
controlled-v1/missing_information_and_boundary_controls/02,controlled,missing_information_and_boundary_controls,BOUNDED_REACHABILITY,COMPLETED,APPLICABLE,ADDRESS_EVENT_SET_NO_AMOUNT,
controlled-v1/missing_information_and_boundary_controls/02,controlled,missing_information_and_boundary_controls,POISON,COMPLETED,APPLICABLE,POISON_NOMINAL_RAW,
controlled-v1/missing_information_and_boundary_controls/02,controlled,missing_information_and_boundary_controls,HAIRCUT,COMPLETED,APPLICABLE,PROPORTIONAL_FEASIBLE_POINT,
controlled-v1/missing_information_and_boundary_controls/02,controlled,missing_information_and_boundary_controls,NO_CROSS_TARGET_COUPLING,COMPLETED,SUPPORTED,product_of_target_specific_copies,
controlled-v1/missing_information_and_boundary_controls/03,controlled,missing_information_and_boundary_controls,NO_CROSS_TARGET_COUPLING,COMPLETED,SUPPORTED,product_of_target_specific_copies,
controlled-v1/missing_information_and_boundary_controls/03,controlled,missing_information_and_boundary_controls,NO_PROTOCOL_CONTINUATION,COMPLETED,SUPPORTED,feasible_interval,
controlled-v1/missing_information_and_boundary_controls/03,controlled,missing_information_and_boundary_controls,BALANCE_INFORMATION_REMOVED,COMPLETED,SUPPORTED,feasible_interval,
controlled-v1/missing_information_and_boundary_controls/03,controlled,missing_information_and_boundary_controls,FULL_INTERVAL,COMPLETED,SUPPORTED,feasible_interval,
controlled-v1/missing_information_and_boundary_controls/03,controlled,missing_information_and_boundary_controls,BOUNDED_REACHABILITY,COMPLETED,APPLICABLE,ADDRESS_EVENT_SET_NO_AMOUNT,
controlled-v1/missing_information_and_boundary_controls/03,controlled,missing_information_and_boundary_controls,POISON,COMPLETED,APPLICABLE,POISON_NOMINAL_RAW,
controlled-v1/missing_information_and_boundary_controls/03,controlled,missing_information_and_boundary_controls,HAIRCUT,COMPLETED,APPLICABLE,PROPORTIONAL_FEASIBLE_POINT,
controlled-v1/missing_information_and_boundary_controls/04,controlled,missing_information_and_boundary_controls,BOUNDED_REACHABILITY,COMPLETED,APPLICABLE,ADDRESS_EVENT_SET_NO_AMOUNT,
controlled-v1/missing_information_and_boundary_controls/04,controlled,missing_information_and_boundary_controls,POISON,COMPLETED,APPLICABLE,POISON_NOMINAL_RAW,
controlled-v1/missing_information_and_boundary_controls/04,controlled,missing_information_and_boundary_controls,HAIRCUT,NOT_APPLICABLE,NOT_APPLICABLE,PROPORTIONAL_FEASIBLE_POINT,UNKNOWN_MODELED_ACTUAL_BALANCE at A|ETH before enter_missing
controlled-v1/missing_information_and_boundary_controls/04,controlled,missing_information_and_boundary_controls,NO_CROSS_TARGET_COUPLING,COMPLETED,SUPPORTED,product_of_target_specific_copies,
controlled-v1/missing_information_and_boundary_controls/04,controlled,missing_information_and_boundary_controls,NO_PROTOCOL_CONTINUATION,COMPLETED,SUPPORTED,feasible_interval,
controlled-v1/missing_information_and_boundary_controls/04,controlled,missing_information_and_boundary_controls,BALANCE_INFORMATION_REMOVED,COMPLETED,SUPPORTED,feasible_interval,
controlled-v1/missing_information_and_boundary_controls/04,controlled,missing_information_and_boundary_controls,FULL_INTERVAL,COMPLETED,SUPPORTED,feasible_interval,
controlled-v1/missing_information_and_boundary_controls/05,controlled,missing_information_and_boundary_controls,BALANCE_INFORMATION_REMOVED,COMPLETED,SUPPORTED,feasible_interval,
controlled-v1/missing_information_and_boundary_controls/05,controlled,missing_information_and_boundary_controls,FULL_INTERVAL,COMPLETED,SUPPORTED,feasible_interval,
controlled-v1/missing_information_and_boundary_controls/05,controlled,missing_information_and_boundary_controls,BOUNDED_REACHABILITY,COMPLETED,APPLICABLE,ADDRESS_EVENT_SET_NO_AMOUNT,
controlled-v1/missing_information_and_boundary_controls/05,controlled,missing_information_and_boundary_controls,POISON,COMPLETED,APPLICABLE,POISON_NOMINAL_RAW,
controlled-v1/missing_information_and_boundary_controls/05,controlled,missing_information_and_boundary_controls,HAIRCUT,NOT_APPLICABLE,NOT_APPLICABLE,PROPORTIONAL_FEASIBLE_POINT,UNKNOWN_MODELED_ACTUAL_BALANCE at A|ETH before enter_missing
controlled-v1/missing_information_and_boundary_controls/05,controlled,missing_information_and_boundary_controls,NO_CROSS_TARGET_COUPLING,COMPLETED,SUPPORTED,product_of_target_specific_copies,
controlled-v1/missing_information_and_boundary_controls/05,controlled,missing_information_and_boundary_controls,NO_PROTOCOL_CONTINUATION,COMPLETED,SUPPORTED,feasible_interval,
controlled-v1/missing_information_and_boundary_controls/06,controlled,missing_information_and_boundary_controls,NO_CROSS_TARGET_COUPLING,COMPLETED,SUPPORTED,product_of_target_specific_copies,
controlled-v1/missing_information_and_boundary_controls/06,controlled,missing_information_and_boundary_controls,NO_PROTOCOL_CONTINUATION,COMPLETED,SUPPORTED,feasible_interval,
controlled-v1/missing_information_and_boundary_controls/06,controlled,missing_information_and_boundary_controls,BALANCE_INFORMATION_REMOVED,COMPLETED,SUPPORTED,feasible_interval,
controlled-v1/missing_information_and_boundary_controls/06,controlled,missing_information_and_boundary_controls,FULL_INTERVAL,COMPLETED,SUPPORTED,feasible_interval,
controlled-v1/missing_information_and_boundary_controls/06,controlled,missing_information_and_boundary_controls,BOUNDED_REACHABILITY,COMPLETED,APPLICABLE,ADDRESS_EVENT_SET_NO_AMOUNT,
controlled-v1/missing_information_and_boundary_controls/06,controlled,missing_information_and_boundary_controls,POISON,COMPLETED,APPLICABLE,POISON_NOMINAL_RAW,
controlled-v1/missing_information_and_boundary_controls/06,controlled,missing_information_and_boundary_controls,HAIRCUT,NOT_APPLICABLE,NOT_APPLICABLE,PROPORTIONAL_FEASIBLE_POINT,UNKNOWN_MODELED_ACTUAL_BALANCE at A|ETH before enter_missing
controlled-v1/missing_information_and_boundary_controls/07,controlled,missing_information_and_boundary_controls,NO_CROSS_TARGET_COUPLING,COMPLETED,SUPPORTED,product_of_target_specific_copies,
controlled-v1/missing_information_and_boundary_controls/07,controlled,missing_information_and_boundary_controls,NO_PROTOCOL_CONTINUATION,COMPLETED,SUPPORTED,feasible_interval,
controlled-v1/missing_information_and_boundary_controls/07,controlled,missing_information_and_boundary_controls,BALANCE_INFORMATION_REMOVED,COMPLETED,SUPPORTED,feasible_interval,
controlled-v1/missing_information_and_boundary_controls/07,controlled,missing_information_and_boundary_controls,FULL_INTERVAL,COMPLETED,SUPPORTED,feasible_interval,
controlled-v1/missing_information_and_boundary_controls/07,controlled,missing_information_and_boundary_controls,BOUNDED_REACHABILITY,COMPLETED,APPLICABLE,ADDRESS_EVENT_SET_NO_AMOUNT,
controlled-v1/missing_information_and_boundary_controls/07,controlled,missing_information_and_boundary_controls,POISON,COMPLETED,APPLICABLE,POISON_NOMINAL_RAW,
controlled-v1/missing_information_and_boundary_controls/07,controlled,missing_information_and_boundary_controls,HAIRCUT,NOT_APPLICABLE,NOT_APPLICABLE,PROPORTIONAL_FEASIBLE_POINT,UNKNOWN_MODELED_ACTUAL_BALANCE at A|ETH before enter_missing
controlled-v1/missing_information_and_boundary_controls/08,controlled,missing_information_and_boundary_controls,BOUNDED_REACHABILITY,COMPLETED,APPLICABLE,ADDRESS_EVENT_SET_NO_AMOUNT,
controlled-v1/missing_information_and_boundary_controls/08,controlled,missing_information_and_boundary_controls,POISON,COMPLETED,APPLICABLE,POISON_NOMINAL_RAW,
controlled-v1/missing_information_and_boundary_controls/08,controlled,missing_information_and_boundary_controls,HAIRCUT,NOT_APPLICABLE,NOT_APPLICABLE,PROPORTIONAL_FEASIBLE_POINT,UNKNOWN_MODELED_ACTUAL_BALANCE at A|ETH before to_outside
controlled-v1/missing_information_and_boundary_controls/08,controlled,missing_information_and_boundary_controls,NO_CROSS_TARGET_COUPLING,COMPLETED,SUPPORTED,product_of_target_specific_copies,
controlled-v1/missing_information_and_boundary_controls/08,controlled,missing_information_and_boundary_controls,NO_PROTOCOL_CONTINUATION,COMPLETED,SUPPORTED,feasible_interval,
controlled-v1/missing_information_and_boundary_controls/08,controlled,missing_information_and_boundary_controls,BALANCE_INFORMATION_REMOVED,COMPLETED,SUPPORTED,feasible_interval,
controlled-v1/missing_information_and_boundary_controls/08,controlled,missing_information_and_boundary_controls,FULL_INTERVAL,COMPLETED,SUPPORTED,feasible_interval,
controlled-v1/missing_information_and_boundary_controls/09,controlled,missing_information_and_boundary_controls,POISON,COMPLETED,APPLICABLE,POISON_NOMINAL_RAW,
controlled-v1/missing_information_and_boundary_controls/09,controlled,missing_information_and_boundary_controls,HAIRCUT,NOT_APPLICABLE,NOT_APPLICABLE,PROPORTIONAL_FEASIBLE_POINT,UNKNOWN_MODELED_ACTUAL_BALANCE at A|ETH before to_outside
controlled-v1/missing_information_and_boundary_controls/09,controlled,missing_information_and_boundary_controls,NO_CROSS_TARGET_COUPLING,COMPLETED,SUPPORTED,product_of_target_specific_copies,
controlled-v1/missing_information_and_boundary_controls/09,controlled,missing_information_and_boundary_controls,NO_PROTOCOL_CONTINUATION,COMPLETED,SUPPORTED,feasible_interval,
controlled-v1/missing_information_and_boundary_controls/09,controlled,missing_information_and_boundary_controls,BALANCE_INFORMATION_REMOVED,COMPLETED,SUPPORTED,feasible_interval,
controlled-v1/missing_information_and_boundary_controls/09,controlled,missing_information_and_boundary_controls,FULL_INTERVAL,COMPLETED,SUPPORTED,feasible_interval,
controlled-v1/missing_information_and_boundary_controls/09,controlled,missing_information_and_boundary_controls,BOUNDED_REACHABILITY,COMPLETED,APPLICABLE,ADDRESS_EVENT_SET_NO_AMOUNT,
