sample_id,method,median_seconds,min_seconds,max_seconds,common_preprocess_median_seconds,fixed_graph_end_to_end_median_seconds,warmup_python_peak_bytes,endpoint_optimizations
controlled-v1/normal_mixing/00,BALANCE_INFORMATION_REMOVED,0.003989100005128421,0.003616899994085543,0.0048319000052288175,9.099996532313526e-06,0.003998200001660734,23163717,2
controlled-v1/normal_mixing/00,FULL_INTERVAL,0.003345899996929802,0.0030115999979898334,0.0042706999956863,9.099996532313526e-06,0.0033549999934621155,24217,2
controlled-v1/normal_mixing/00,BOUNDED_REACHABILITY,7.510000432375818e-05,7.000000914558768e-05,9.290000889450312e-05,9.099996532313526e-06,8.420000085607171e-05,6369,0
controlled-v1/normal_mixing/00,POISON,9.729999874252826e-05,8.05000017862767e-05,0.00018659999477677047,9.099996532313526e-06,0.00010639999527484179,6537,0
controlled-v1/normal_mixing/00,HAIRCUT,0.0001306999911321327,0.000115999995614402,0.00017769999976735562,9.099996532313526e-06,0.00013979998766444623,11393,0
controlled-v1/normal_mixing/00,NO_CROSS_TARGET_COUPLING,0.0036371999885886908,0.003009599997312762,0.00421440000354778,9.099996532313526e-06,0.0036462999851210043,29337,2
controlled-v1/normal_mixing/00,NO_PROTOCOL_CONTINUATION,0.0033841999975265935,0.003011799999512732,0.004041399995912798,9.099996532313526e-06,0.003393299994058907,24302,2
controlled-v1/normal_mixing/01,BALANCE_INFORMATION_REMOVED,0.0032066999992821366,0.0031389000068884343,0.003966999996919185,9.399998816661537e-06,0.003216099998098798,24070,2
controlled-v1/normal_mixing/01,FULL_INTERVAL,0.0032338000019080937,0.00284990000363905,0.004346000001532957,9.399998816661537e-06,0.0032432000007247552,23695,2
controlled-v1/normal_mixing/01,BOUNDED_REACHABILITY,7.239999831654131e-05,6.86999992467463e-05,9.519999730400741e-05,9.399998816661537e-06,8.179999713320285e-05,6369,0
controlled-v1/normal_mixing/01,POISON,7.270000060088933e-05,7.170000753831118e-05,7.970001024659723e-05,9.399998816661537e-06,8.209999941755086e-05,6537,0
controlled-v1/normal_mixing/01,HAIRCUT,0.00012329999299254268,0.00012170000991318375,0.0001258000120287761,9.399998816661537e-06,0.00013269999180920422,11375,0
controlled-v1/normal_mixing/01,NO_CROSS_TARGET_COUPLING,0.0032094999914988875,0.002961999998660758,0.0038486999983433634,9.399998816661537e-06,0.003218899990315549,28565,2
controlled-v1/normal_mixing/01,NO_PROTOCOL_CONTINUATION,0.0031104999943636358,0.002854200007277541,0.004151399989495985,9.399998816661537e-06,0.0031198999931802973,24262,2
controlled-v1/normal_mixing/02,FULL_INTERVAL,0.00329510000301525,0.002919100006693043,0.0036764999967999756,3.0399998649954796e-05,0.0033255000016652048,23856,2
controlled-v1/normal_mixing/02,BOUNDED_REACHABILITY,7.809999806340784e-05,7.6299998909235e-05,8.490000618621707e-05,3.0399998649954796e-05,0.00010849999671336263,6370,0
controlled-v1/normal_mixing/02,POISON,8.009999874047935e-05,7.879998884163797e-05,8.359999628737569e-05,3.0399998649954796e-05,0.00011049999739043415,6541,0
controlled-v1/normal_mixing/02,HAIRCUT,0.0001154000055976212,0.00011069999891333282,0.0001252999936696142,3.0399998649954796e-05,0.000145800004247576,11415,0
controlled-v1/normal_mixing/02,NO_CROSS_TARGET_COUPLING,0.003347499994561076,0.0032402999931946397,0.004026499998872168,3.0399998649954796e-05,0.003377899993211031,28445,2
controlled-v1/normal_mixing/02,NO_PROTOCOL_CONTINUATION,0.0034411999949952587,0.00295429999823682,0.0038854000013088807,3.0399998649954796e-05,0.0034715999936452135,24044,2
controlled-v1/normal_mixing/02,BALANCE_INFORMATION_REMOVED,0.003592999986722134,0.0029783000063616782,0.004337999998824671,3.0399998649954796e-05,0.003623399985372089,24035,2
controlled-v1/normal_mixing/03,BALANCE_INFORMATION_REMOVED,0.003646500001195818,0.003194599994458258,0.003928899997845292,9.499999578110874e-06,0.003656000000773929,24002,2
controlled-v1/normal_mixing/03,FULL_INTERVAL,0.003162299995892681,0.003012699991813861,0.004493999993428588,9.499999578110874e-06,0.003171799995470792,23815,2
controlled-v1/normal_mixing/03,BOUNDED_REACHABILITY,7.389999518636614e-05,7.03999976394698e-05,8.359999628737569e-05,9.499999578110874e-06,8.339999476447701e-05,6369,0
controlled-v1/normal_mixing/03,POISON,7.819999882485718e-05,7.280000136233866e-05,0.00016760001017246395,9.499999578110874e-06,8.769999840296805e-05,6537,0
controlled-v1/normal_mixing/03,HAIRCUT,0.00012620000052265823,0.00012209999840706587,0.00019700000120792538,9.499999578110874e-06,0.0001357000001007691,11393,0
controlled-v1/normal_mixing/03,NO_CROSS_TARGET_COUPLING,0.0033776999916881323,0.0030740999936824664,0.0036047999892616645,9.499999578110874e-06,0.003387199991266243,28578,2
controlled-v1/normal_mixing/03,NO_PROTOCOL_CONTINUATION,0.003774700002395548,0.002921399995102547,0.00715910000144504,9.499999578110874e-06,0.003784200001973659,24147,2
controlled-v1/normal_mixing/04,POISON,8.270000398624688e-05,7.619999814778566e-05,9.509999654255807e-05,9.499999578110874e-06,9.220000356435776e-05,6541,0
controlled-v1/normal_mixing/04,HAIRCUT,0.00011409999569877982,0.00011250001261942089,0.0001227000029757619,9.499999578110874e-06,0.0001235999952768907,9869,0
controlled-v1/normal_mixing/04,NO_CROSS_TARGET_COUPLING,0.0036226999945938587,0.0030735000036656857,0.004666900000302121,9.499999578110874e-06,0.0036321999941719696,28680,2
controlled-v1/normal_mixing/04,NO_PROTOCOL_CONTINUATION,0.0040418999997200444,0.0032116000074893236,0.004458499999600463,9.499999578110874e-06,0.004051399999298155,24044,2
controlled-v1/normal_mixing/04,BALANCE_INFORMATION_REMOVED,0.0036869999894406646,0.003042800002731383,0.004454599999007769,9.499999578110874e-06,0.0036964999890187755,23783,2
controlled-v1/normal_mixing/04,FULL_INTERVAL,0.0032759000023361295,0.0030919999990146607,0.004109700006665662,9.499999578110874e-06,0.0032854000019142404,23752,2
controlled-v1/normal_mixing/04,BOUNDED_REACHABILITY,7.520000508520752e-05,7.049999840091914e-05,8.620000153314322e-05,9.499999578110874e-06,8.47000046633184e-05,6370,0
controlled-v1/normal_mixing/05,POISON,7.759999425616115e-05,7.329999061767012e-05,9.500001033302397e-05,8.200004231184721e-06,8.579999848734587e-05,6537,0
controlled-v1/normal_mixing/05,HAIRCUT,0.00019189999147783965,0.0001218999968841672,0.00027069999487139285,8.200004231184721e-06,0.00020009999570902437,9867,0
controlled-v1/normal_mixing/05,NO_CROSS_TARGET_COUPLING,0.003486800007522106,0.0031561999931000173,0.004033499993965961,8.200004231184721e-06,0.003495000011753291,28666,2
controlled-v1/normal_mixing/05,NO_PROTOCOL_CONTINUATION,0.0037004000041633844,0.003136100000119768,0.003935499989893287,8.200004231184721e-06,0.003708600008394569,24022,2
controlled-v1/normal_mixing/05,BALANCE_INFORMATION_REMOVED,0.003413300000829622,0.003080399997998029,0.0037130000127945095,8.200004231184721e-06,0.003421500005060807,24122,2
controlled-v1/normal_mixing/05,FULL_INTERVAL,0.0031134000018937513,0.002947799992398359,0.004283099988242611,8.200004231184721e-06,0.003121600006124936,23854,2
controlled-v1/normal_mixing/05,BOUNDED_REACHABILITY,7.20999960321933e-05,6.630001007579267e-05,8.369999704882503e-05,8.200004231184721e-06,8.030000026337802e-05,6369,0
controlled-v1/normal_mixing/06,NO_CROSS_TARGET_COUPLING,0.0037367000040831044,0.002949000001535751,0.005687099997885525,8.999995770864189e-06,0.0037456999998539686,27382,2
controlled-v1/normal_mixing/06,NO_PROTOCOL_CONTINUATION,0.004024599998956546,0.003352300002006814,0.005528200010303408,8.999995770864189e-06,0.00403359999472741,23974,2
controlled-v1/normal_mixing/06,BALANCE_INFORMATION_REMOVED,0.0034053999988827854,0.0030681999924127012,0.004419299992150627,8.999995770864189e-06,0.0034143999946536496,23632,2
controlled-v1/normal_mixing/06,FULL_INTERVAL,0.004021899992949329,0.00330029999895487,0.004252099999575876,8.999995770864189e-06,0.0040308999887201935,23840,2
controlled-v1/normal_mixing/06,BOUNDED_REACHABILITY,7.360000745393336e-05,6.9500005338341e-05,9.050000517163426e-05,8.999995770864189e-06,8.260000322479755e-05,6369,0
controlled-v1/normal_mixing/06,POISON,7.140000525396317e-05,6.919998850207776e-05,7.979999645613134e-05,8.999995770864189e-06,8.040000102482736e-05,6537,0
controlled-v1/normal_mixing/06,HAIRCUT,0.00011409999569877982,0.00010889999975915998,0.0001235000090673566,8.999995770864189e-06,0.000123099991469644,11402,0
controlled-v1/normal_mixing/07,BALANCE_INFORMATION_REMOVED,0.004006100003607571,0.00325209999573417,0.005796500001451932,7.90000194683671e-06,0.004014000005554408,24122,2
controlled-v1/normal_mixing/07,FULL_INTERVAL,0.003308300001663156,0.002901100000599399,0.005067200007033534,7.90000194683671e-06,0.0033162000036099926,24019,2
controlled-v1/normal_mixing/07,BOUNDED_REACHABILITY,6.989999383222312e-05,6.690000009257346e-05,8.279999019578099e-05,7.90000194683671e-06,7.779999577905983e-05,6369,0
controlled-v1/normal_mixing/07,POISON,7.130000449251384e-05,6.819999543949962e-05,7.71999912103638e-05,7.90000194683671e-06,7.920000643935055e-05,6537,0
controlled-v1/normal_mixing/07,HAIRCUT,0.00011310000263620168,0.00011059999815188348,0.00012149999383836985,7.90000194683671e-06,0.00012100000458303839,11413,0
controlled-v1/normal_mixing/07,NO_CROSS_TARGET_COUPLING,0.0031658000079914927,0.003110500008915551,0.004060200008098036,7.90000194683671e-06,0.0031737000099383295,28977,2
controlled-v1/normal_mixing/07,NO_PROTOCOL_CONTINUATION,0.003909799997927621,0.0030221000051824376,0.004200600000331178,7.90000194683671e-06,0.003917699999874458,24100,2
controlled-v1/normal_mixing/08,HAIRCUT,0.0001281000004382804,0.00011950000771321356,0.0002786999975796789,1.239999255631119e-05,0.0001404999929945916,9865,0
controlled-v1/normal_mixing/08,NO_CROSS_TARGET_COUPLING,0.003376900000148453,0.0030387000006157905,0.005275300005450845,1.239999255631119e-05,0.003389299992704764,27382,2
controlled-v1/normal_mixing/08,NO_PROTOCOL_CONTINUATION,0.003473899996606633,0.0032076999923447147,0.004599799998686649,1.239999255631119e-05,0.0034862999891629443,24166,2
controlled-v1/normal_mixing/08,BALANCE_INFORMATION_REMOVED,0.0048944000009214506,0.0033786000130930915,0.006630799995036796,1.239999255631119e-05,0.004906799993477762,23709,2
controlled-v1/normal_mixing/08,FULL_INTERVAL,0.0038623000000370666,0.0030756000051042065,0.005489499992108904,1.239999255631119e-05,0.003874699992593378,23904,2
controlled-v1/normal_mixing/08,BOUNDED_REACHABILITY,7.090000144671649e-05,6.880000000819564e-05,8.589999924879521e-05,1.239999255631119e-05,8.329999400302768e-05,6369,0
controlled-v1/normal_mixing/08,POISON,8.569999772589654e-05,7.620001269970089e-05,0.00014019999071024358,1.239999255631119e-05,9.809999028220773e-05,6537,0
controlled-v1/normal_mixing/09,BALANCE_INFORMATION_REMOVED,0.0032855000026756898,0.0032487999997101724,0.00471750000724569,9.60000033956021e-06,0.00329510000301525,23861,2
controlled-v1/normal_mixing/09,FULL_INTERVAL,0.0034985000093001872,0.0030966000049374998,0.004261000009137206,9.60000033956021e-06,0.0035081000096397474,23792,2
controlled-v1/normal_mixing/09,BOUNDED_REACHABILITY,7.499998901039362e-05,6.6100008552894e-05,8.199999865610152e-05,9.60000033956021e-06,8.459998934995383e-05,6369,0
controlled-v1/normal_mixing/09,POISON,0.00012900000729132444,8.930001058615744e-05,0.0002066000015474856,9.60000033956021e-06,0.00013860000763088465,6537,0
controlled-v1/normal_mixing/09,HAIRCUT,0.00013699999544769526,0.00013040000339969993,0.00014479999663308263,9.60000033956021e-06,0.00014659999578725547,11413,0
controlled-v1/normal_mixing/09,NO_CROSS_TARGET_COUPLING,0.008628299998235889,0.00686939999286551,0.009393599990289658,9.60000033956021e-06,0.008637899998575449,28612,2
controlled-v1/normal_mixing/09,NO_PROTOCOL_CONTINUATION,0.009049800006323494,0.008453900009044446,0.011987300007604063,9.60000033956021e-06,0.009059400006663054,24070,2
controlled-v1/split_merge_shared_targets/00,BOUNDED_REACHABILITY,0.0004351999959908426,0.00034890000824816525,0.0006703999970341101,9.140001202467829e-05,0.0005266000080155209,13520,0
controlled-v1/split_merge_shared_targets/00,POISON,0.0003969999961555004,0.000327900008414872,0.0005918000097153708,9.140001202467829e-05,0.0004884000081801787,13500,0
controlled-v1/split_merge_shared_targets/00,HAIRCUT,0.0005105999880470335,0.00021559999731834978,0.0008627999923191965,9.140001202467829e-05,0.0006020000000717118,25114,0
controlled-v1/split_merge_shared_targets/00,NO_CROSS_TARGET_COUPLING,0.026424900002893992,0.023359999991953373,0.02673060000233818,9.140001202467829e-05,0.02651630001491867,94090,4
controlled-v1/split_merge_shared_targets/00,NO_PROTOCOL_CONTINUATION,0.030760000008740462,0.029781999997794628,0.033870900006149895,9.140001202467829e-05,0.03085140002076514,67732,6
controlled-v1/split_merge_shared_targets/00,BALANCE_INFORMATION_REMOVED,0.03251119999913499,0.02805580000858754,0.03714669999317266,9.140001202467829e-05,0.032602600011159666,70754,6
controlled-v1/split_merge_shared_targets/00,FULL_INTERVAL,0.032676100003300235,0.02830059999541845,0.038404500010074116,9.140001202467829e-05,0.03276750001532491,68021,6
controlled-v1/split_merge_shared_targets/01,FULL_INTERVAL,0.03198820000397973,0.03107540000928566,0.03367200000502635,9.82999918051064e-05,0.032086499995784834,66476,6
controlled-v1/split_merge_shared_targets/01,BOUNDED_REACHABILITY,0.00044550000166054815,0.0003318999952170998,0.0007161000103224069,9.82999918051064e-05,0.0005437999934656546,14412,0
controlled-v1/split_merge_shared_targets/01,POISON,0.0003926999925170094,0.0003068000078201294,0.0004194999928586185,9.82999918051064e-05,0.0004909999843221158,14786,0
controlled-v1/split_merge_shared_targets/01,HAIRCUT,0.0006148000102257356,0.0002521999995224178,0.0007704000017838553,9.82999918051064e-05,0.000713100002030842,25205,0
controlled-v1/split_merge_shared_targets/01,NO_CROSS_TARGET_COUPLING,0.0231849000119837,0.01925430000119377,0.02649319999909494,9.82999918051064e-05,0.023283200003788806,90414,4
controlled-v1/split_merge_shared_targets/01,NO_PROTOCOL_CONTINUATION,0.0327672999992501,0.030254299999796785,0.03614110000489745,9.82999918051064e-05,0.032865599991055205,66477,6
controlled-v1/split_merge_shared_targets/01,BALANCE_INFORMATION_REMOVED,0.03291949999402277,0.028192900004796684,0.03792250000697095,9.82999918051064e-05,0.03301779998582788,69228,6
controlled-v1/split_merge_shared_targets/02,NO_CROSS_TARGET_COUPLING,0.024897299997974187,0.023820899994461797,0.026627700004610233,3.5600009141489863e-05,0.024932900007115677,93323,4
controlled-v1/split_merge_shared_targets/02,NO_PROTOCOL_CONTINUATION,0.03043969999998808,0.02862769999774173,0.03832930000498891,3.5600009141489863e-05,0.03047530000912957,68701,6
controlled-v1/split_merge_shared_targets/02,BALANCE_INFORMATION_REMOVED,0.034127899998566136,0.029353799996897578,0.03762339999957476,3.5600009141489863e-05,0.034163500007707626,71262,6
controlled-v1/split_merge_shared_targets/02,FULL_INTERVAL,0.03499549999833107,0.031413200005772524,0.03589240000292193,3.5600009141489863e-05,0.03503110000747256,67920,6
controlled-v1/split_merge_shared_targets/02,BOUNDED_REACHABILITY,0.0004800000024260953,0.00039200000173877925,0.0006053000106476247,3.5600009141489863e-05,0.0005156000115675852,13080,0
controlled-v1/split_merge_shared_targets/02,POISON,0.0005253999988781288,0.0003338999958941713,0.0006018999993102625,3.5600009141489863e-05,0.0005610000080196187,13501,0
controlled-v1/split_merge_shared_targets/02,HAIRCUT,0.0006034999969415367,0.00055929999507498,0.0007363000040641055,3.5600009141489863e-05,0.0006391000060830265,25116,0
controlled-v1/split_merge_shared_targets/03,BOUNDED_REACHABILITY,0.00039319999632425606,0.0001804000057745725,0.0011260000028414652,1.6299993149004877e-05,0.00040949998947326094,14324,0
controlled-v1/split_merge_shared_targets/03,POISON,0.0005829000001540408,0.0003896999987773597,0.0006616000027861446,1.6299993149004877e-05,0.0005991999933030456,14786,0
controlled-v1/split_merge_shared_targets/03,HAIRCUT,0.0006814999942434952,0.0006509000086225569,0.0008129000052576885,1.6299993149004877e-05,0.0006977999873925,25267,0
controlled-v1/split_merge_shared_targets/03,NO_CROSS_TARGET_COUPLING,0.02370439999504015,0.02075440000044182,0.023831900005461648,1.6299993149004877e-05,0.023720699988189153,90389,4
controlled-v1/split_merge_shared_targets/03,NO_PROTOCOL_CONTINUATION,0.03402179999102373,0.03167169999505859,0.03691660000185948,1.6299993149004877e-05,0.03403809998417273,66891,6
controlled-v1/split_merge_shared_targets/03,BALANCE_INFORMATION_REMOVED,0.0344794999982696,0.02793589999782853,0.03535639999608975,1.6299993149004877e-05,0.03449579999141861,68960,6
controlled-v1/split_merge_shared_targets/03,FULL_INTERVAL,0.03370749999885447,0.028753400009009056,0.035724999994272366,1.6299993149004877e-05,0.03372379999200348,66418,6
controlled-v1/split_merge_shared_targets/04,NO_PROTOCOL_CONTINUATION,0.03261209999618586,0.03162769999471493,0.03712070001347456,4.150001041125506e-05,0.03265360000659712,67866,6
controlled-v1/split_merge_shared_targets/04,BALANCE_INFORMATION_REMOVED,0.0365581999940332,0.035333299994817935,0.037763599990285,4.150001041125506e-05,0.03659970000444446,71214,6
controlled-v1/split_merge_shared_targets/04,FULL_INTERVAL,0.03303909998794552,0.030785199996898882,0.03548859999864362,4.150001041125506e-05,0.033080599998356774,67907,6
controlled-v1/split_merge_shared_targets/04,BOUNDED_REACHABILITY,0.00040869999793358147,0.0003561000048648566,0.0004538999928627163,4.150001041125506e-05,0.00045020000834483653,13080,0
controlled-v1/split_merge_shared_targets/04,POISON,0.0004200999974273145,0.00018899999849963933,0.0008984000014606863,4.150001041125506e-05,0.0004616000078385696,13501,0
controlled-v1/split_merge_shared_targets/04,HAIRCUT,0.000563299996429123,0.0005180000007385388,0.0006733000045642257,4.150001041125506e-05,0.000604800006840378,25116,0
controlled-v1/split_merge_shared_targets/04,NO_CROSS_TARGET_COUPLING,0.025674300006357953,0.022024499994586222,0.027398999998695217,4.150001041125506e-05,0.025715800016769208,93833,4
controlled-v1/split_merge_shared_targets/05,FULL_INTERVAL,0.03188460000092164,0.03068419999908656,0.034187900004326366,5.3499999921768904e-05,0.031938100000843406,66252,6
controlled-v1/split_merge_shared_targets/05,BOUNDED_REACHABILITY,0.0001745999907143414,0.00014790000568609685,0.0004305000038584694,5.3499999921768904e-05,0.0002280999906361103,14325,0
controlled-v1/split_merge_shared_targets/05,POISON,0.0004859000036958605,0.00040970000554807484,0.0007018000032985583,5.3499999921768904e-05,0.0005394000036176294,14789,0
controlled-v1/split_merge_shared_targets/05,HAIRCUT,0.0003274999908171594,0.0002556999970693141,0.0008621000015409663,5.3499999921768904e-05,0.0003809999907389283,25271,0
controlled-v1/split_merge_shared_targets/05,NO_CROSS_TARGET_COUPLING,0.026424299998325296,0.022100500005763024,0.02777139999670908,5.3499999921768904e-05,0.026477799998247065,90421,4
controlled-v1/split_merge_shared_targets/05,NO_PROTOCOL_CONTINUATION,0.03197179999551736,0.027177299998584203,0.0356848999945214,5.3499999921768904e-05,0.03202529999543913,66265,6
controlled-v1/split_merge_shared_targets/05,BALANCE_INFORMATION_REMOVED,0.03393960000539664,0.031991500000003725,0.04096759999811184,5.3499999921768904e-05,0.03399310000531841,68980,6
controlled-v1/split_merge_shared_targets/06,NO_CROSS_TARGET_COUPLING,0.024181600005249493,0.01888469999539666,0.026077400005306117,5.050000618211925e-05,0.024232100011431612,93279,4
controlled-v1/split_merge_shared_targets/06,NO_PROTOCOL_CONTINUATION,0.033530000000610016,0.032884999993257225,0.03991759999189526,5.050000618211925e-05,0.033580500006792136,68310,6
controlled-v1/split_merge_shared_targets/06,BALANCE_INFORMATION_REMOVED,0.034616100005223416,0.028168200005893596,0.03970679998747073,5.050000618211925e-05,0.034666600011405535,71150,6
controlled-v1/split_merge_shared_targets/06,FULL_INTERVAL,0.035671000005095266,0.03206659998977557,0.03880719999142457,5.050000618211925e-05,0.035721500011277385,67875,6
controlled-v1/split_merge_shared_targets/06,BOUNDED_REACHABILITY,0.00013219998800195754,0.00012910000805277377,0.00048750000132713467,5.050000618211925e-05,0.00018269999418407679,13080,0
controlled-v1/split_merge_shared_targets/06,POISON,0.0005223999905865639,0.00014400000509340316,0.0006146000087028369,5.050000618211925e-05,0.0005728999967686832,13501,0
controlled-v1/split_merge_shared_targets/06,HAIRCUT,0.0007112000021152198,0.00043729999742936343,0.0007594000053359196,5.050000618211925e-05,0.0007617000082973391,25116,0
controlled-v1/split_merge_shared_targets/07,BALANCE_INFORMATION_REMOVED,0.034957900003064424,0.029157500001019798,0.037353399995481595,7.6299998909235e-05,0.03503420000197366,68493,6
controlled-v1/split_merge_shared_targets/07,FULL_INTERVAL,0.03370129999530036,0.032383199999458157,0.04087849998904858,7.6299998909235e-05,0.033777599994209595,66833,6
controlled-v1/split_merge_shared_targets/07,BOUNDED_REACHABILITY,0.0005189999938011169,0.000458399998024106,0.0006624999950872734,7.6299998909235e-05,0.0005952999927103519,14325,0
controlled-v1/split_merge_shared_targets/07,POISON,0.0003530999965732917,0.00018050000653602183,0.0005027000006521121,7.6299998909235e-05,0.0004293999954825267,14789,0
controlled-v1/split_merge_shared_targets/07,HAIRCUT,0.000694399990607053,0.0006073000113246962,0.0007553000032203272,7.6299998909235e-05,0.000770699989516288,25209,0
controlled-v1/split_merge_shared_targets/07,NO_CROSS_TARGET_COUPLING,0.02436919999308884,0.023866100003942847,0.026396099987323396,7.6299998909235e-05,0.024445499991998076,90344,4
controlled-v1/split_merge_shared_targets/07,NO_PROTOCOL_CONTINUATION,0.03982010000618175,0.030230499993194826,0.0403294999996433,7.6299998909235e-05,0.03989640000509098,66603,6
controlled-v1/split_merge_shared_targets/08,NO_PROTOCOL_CONTINUATION,0.032577000005403534,0.030974699999205768,0.040212799998698756,1.4299992471933365e-05,0.03259129999787547,68068,6
controlled-v1/split_merge_shared_targets/08,BALANCE_INFORMATION_REMOVED,0.03106929999194108,0.02823280000302475,0.033251600005314685,1.4299992471933365e-05,0.031083599984413013,71362,6
controlled-v1/split_merge_shared_targets/08,FULL_INTERVAL,0.02671020000707358,0.024705800009542145,0.03126820000761654,1.4299992471933365e-05,0.026724499999545515,67650,6
controlled-v1/split_merge_shared_targets/08,BOUNDED_REACHABILITY,0.000378400000045076,0.00028199999360367656,0.0005203000036999583,1.4299992471933365e-05,0.0003926999925170094,13080,0
controlled-v1/split_merge_shared_targets/08,POISON,0.0004230999911669642,0.0003674000035971403,0.0006254999898374081,1.4299992471933365e-05,0.00043739998363889754,13501,0
controlled-v1/split_merge_shared_targets/08,HAIRCUT,0.0004945999971823767,0.0003988000098615885,0.0009504000045126304,1.4299992471933365e-05,0.00050889998965431,25116,0
controlled-v1/split_merge_shared_targets/08,NO_CROSS_TARGET_COUPLING,0.019117100004223175,0.016909199999645352,0.020241999998688698,1.4299992471933365e-05,0.01913139999669511,93884,4
controlled-v1/split_merge_shared_targets/09,BALANCE_INFORMATION_REMOVED,0.03315229999134317,0.03096479999658186,0.039451199991162866,3.840000135824084e-05,0.03319069999270141,69229,6
controlled-v1/split_merge_shared_targets/09,FULL_INTERVAL,0.033409600000595674,0.031221500001265667,0.03589210000063758,3.840000135824084e-05,0.033448000001953915,66683,6
controlled-v1/split_merge_shared_targets/09,BOUNDED_REACHABILITY,0.00040520000038668513,0.00038320000749081373,0.000443600001744926,3.840000135824084e-05,0.000443600001744926,14325,0
controlled-v1/split_merge_shared_targets/09,POISON,0.00043569999979808927,0.00018269999418407679,0.0006095999997342005,3.840000135824084e-05,0.0004741000011563301,14789,0
controlled-v1/split_merge_shared_targets/09,HAIRCUT,0.0007120999944163486,0.0002662999904714525,0.0008352000004379079,3.840000135824084e-05,0.0007504999957745895,25271,0
controlled-v1/split_merge_shared_targets/09,NO_CROSS_TARGET_COUPLING,0.025903400004608557,0.0243278999987524,0.0264999000064563,3.840000135824084e-05,0.025941800005966797,90390,4
controlled-v1/split_merge_shared_targets/09,NO_PROTOCOL_CONTINUATION,0.03182669999659993,0.031291700011934154,0.03434049998759292,3.840000135824084e-05,0.03186509999795817,66156,6
controlled-v1/repeated_entries_timed_returns/00,NO_CROSS_TARGET_COUPLING,0.05443160000140779,0.05290219999733381,0.062438699998892844,5.5800002883188426e-05,0.054487400004290976,104840,10
controlled-v1/repeated_entries_timed_returns/00,NO_PROTOCOL_CONTINUATION,0.06750599999213591,0.06391959999746177,0.07948450000549201,5.5800002883188426e-05,0.0675617999950191,86013,12
controlled-v1/repeated_entries_timed_returns/00,BALANCE_INFORMATION_REMOVED,0.06551020000188146,0.06396379999932833,0.0703975999931572,5.5800002883188426e-05,0.06556600000476465,88780,12
controlled-v1/repeated_entries_timed_returns/00,FULL_INTERVAL,0.06518400000641122,0.061526000004960224,0.06574779999209568,5.5800002883188426e-05,0.06523980000929441,85473,12
controlled-v1/repeated_entries_timed_returns/00,BOUNDED_REACHABILITY,0.00035010000283364207,0.00016229999891947955,0.0004140000091865659,5.5800002883188426e-05,0.0004059000057168305,12968,0
controlled-v1/repeated_entries_timed_returns/00,POISON,0.00029939999512862414,0.000145500001963228,0.0006388999900082126,5.5800002883188426e-05,0.00035519999801181257,13388,0
controlled-v1/repeated_entries_timed_returns/00,HAIRCUT,0.000548599986359477,0.00026780000189319253,0.0007327000057557598,5.5800002883188426e-05,0.0006043999892426655,23898,0
controlled-v1/repeated_entries_timed_returns/01,FULL_INTERVAL,0.06713660000241362,0.061482000004616566,0.0730018000031123,5.220000457484275e-05,0.06718880000698846,85944,12
controlled-v1/repeated_entries_timed_returns/01,BOUNDED_REACHABILITY,0.0004423000063979998,0.0004028999974252656,0.0005052000051364303,5.220000457484275e-05,0.0004945000109728426,12968,0
controlled-v1/repeated_entries_timed_returns/01,POISON,0.00037170000723563135,0.00020179999410174787,0.0007355999987339601,5.220000457484275e-05,0.0004239000118104741,13388,0
controlled-v1/repeated_entries_timed_returns/01,HAIRCUT,0.0007011000125203282,0.00039339999784715474,0.0008039999956963584,5.220000457484275e-05,0.0007533000170951709,23898,0
controlled-v1/repeated_entries_timed_returns/01,NO_CROSS_TARGET_COUPLING,0.05473109999729786,0.05295500000647735,0.05973009999433998,5.220000457484275e-05,0.0547833000018727,106718,10
controlled-v1/repeated_entries_timed_returns/01,NO_PROTOCOL_CONTINUATION,0.06622120000247378,0.061988699992070906,0.07035979999636766,5.220000457484275e-05,0.06627340000704862,85687,12
controlled-v1/repeated_entries_timed_returns/01,BALANCE_INFORMATION_REMOVED,0.06436039999243803,0.060568100001546554,0.07133500000054482,5.220000457484275e-05,0.06441259999701288,88373,12
controlled-v1/repeated_entries_timed_returns/02,FULL_INTERVAL,0.06870880001224577,0.06481100000382867,0.08034950000001118,5.3800002206116915e-05,0.06876260001445189,87868,12
controlled-v1/repeated_entries_timed_returns/02,BOUNDED_REACHABILITY,0.00038919999497011304,0.00033370000892318785,0.0004668000037781894,5.3800002206116915e-05,0.00044299999717622995,12968,0
controlled-v1/repeated_entries_timed_returns/02,POISON,0.00015629999688826501,0.0001345000055152923,0.00033320000511594117,5.3800002206116915e-05,0.00021009999909438193,13388,0
controlled-v1/repeated_entries_timed_returns/02,HAIRCUT,0.0005740000051446259,0.0003853999951388687,0.0009148000099230558,5.3800002206116915e-05,0.0006278000073507428,23918,0
controlled-v1/repeated_entries_timed_returns/02,NO_CROSS_TARGET_COUPLING,0.06700979999732226,0.05380940000759438,0.0747440999984974,5.3800002206116915e-05,0.06706359999952838,107107,10
controlled-v1/repeated_entries_timed_returns/02,NO_PROTOCOL_CONTINUATION,0.06759580000652932,0.05605890000879299,0.08116729999892414,5.3800002206116915e-05,0.06764960000873543,85672,12
controlled-v1/repeated_entries_timed_returns/02,BALANCE_INFORMATION_REMOVED,0.07890130000305362,0.07424469999386929,0.08249760000035167,5.3800002206116915e-05,0.07895510000525974,88083,12
controlled-v1/repeated_entries_timed_returns/03,NO_CROSS_TARGET_COUPLING,0.0578891999903135,0.05581320000055712,0.059288100004778244,7.500000356230885e-05,0.05796419999387581,105491,10
controlled-v1/repeated_entries_timed_returns/03,NO_PROTOCOL_CONTINUATION,0.06373860000167042,0.05688249999366235,0.06563720000849571,7.500000356230885e-05,0.06381360000523273,86421,12
controlled-v1/repeated_entries_timed_returns/03,BALANCE_INFORMATION_REMOVED,0.06436489999759942,0.06268609999096952,0.06628440000349656,7.500000356230885e-05,0.06443990000116173,88356,12
controlled-v1/repeated_entries_timed_returns/03,FULL_INTERVAL,0.06123989999468904,0.05828050000127405,0.06915910000680014,7.500000356230885e-05,0.06131489999825135,85769,12
controlled-v1/repeated_entries_timed_returns/03,BOUNDED_REACHABILITY,0.00028899998869746923,0.00013040000339969993,0.0010966999980155379,7.500000356230885e-05,0.0003639999922597781,12968,0
controlled-v1/repeated_entries_timed_returns/03,POISON,0.0004197000089334324,0.0003912999964086339,0.0004974000039510429,7.500000356230885e-05,0.0004947000124957412,13389,0
controlled-v1/repeated_entries_timed_returns/03,HAIRCUT,0.0006488999933935702,0.000564500005566515,0.000942600003327243,7.500000356230885e-05,0.000723899996955879,23940,0
controlled-v1/repeated_entries_timed_returns/04,POISON,0.0001900999923236668,0.00014959998952690512,0.0008317000028910115,5.190000229049474e-05,0.00024199999461416155,13389,0
controlled-v1/repeated_entries_timed_returns/04,HAIRCUT,0.0007724000024609268,0.0005256000004010275,0.000945699997828342,5.190000229049474e-05,0.0008243000047514215,22119,0
controlled-v1/repeated_entries_timed_returns/04,NO_CROSS_TARGET_COUPLING,0.059336000005714595,0.053573400000459515,0.0653508000104921,5.190000229049474e-05,0.05938790000800509,107068,10
controlled-v1/repeated_entries_timed_returns/04,NO_PROTOCOL_CONTINUATION,0.05859860000782646,0.052288999999291264,0.06913819999317639,5.190000229049474e-05,0.05865050001011696,85606,12
controlled-v1/repeated_entries_timed_returns/04,BALANCE_INFORMATION_REMOVED,0.06368790000851732,0.05558949999976903,0.0685957999958191,5.190000229049474e-05,0.06373980001080781,88598,12
controlled-v1/repeated_entries_timed_returns/04,FULL_INTERVAL,0.05728509998880327,0.05319969999254681,0.0654177999967942,5.190000229049474e-05,0.05733699999109376,85578,12
controlled-v1/repeated_entries_timed_returns/04,BOUNDED_REACHABILITY,0.0003921000025002286,0.00015589999384246767,0.0005634999979520217,5.190000229049474e-05,0.0004440000047907233,12968,0
controlled-v1/repeated_entries_timed_returns/05,BALANCE_INFORMATION_REMOVED,0.055324500004644506,0.05355900000722613,0.059752500004833564,1.5099998563528061e-05,0.055339600003208034,88989,12
controlled-v1/repeated_entries_timed_returns/05,FULL_INTERVAL,0.05432419999851845,0.04884850000962615,0.06333570000424515,1.5099998563528061e-05,0.05433929999708198,85841,12
controlled-v1/repeated_entries_timed_returns/05,BOUNDED_REACHABILITY,0.00039590000233147293,0.00012719999358523637,0.00048489999608136714,1.5099998563528061e-05,0.000411000000895001,12968,0
controlled-v1/repeated_entries_timed_returns/05,POISON,0.0004464000085135922,0.0001610000035725534,0.0007354000117629766,1.5099998563528061e-05,0.00046150000707712024,13388,0
controlled-v1/repeated_entries_timed_returns/05,HAIRCUT,0.0005796000041300431,0.0005522999999811873,0.0008159999997587875,1.5099998563528061e-05,0.0005947000026935712,23940,0
controlled-v1/repeated_entries_timed_returns/05,NO_CROSS_TARGET_COUPLING,0.04835379999713041,0.04679510000278242,0.04846949999046046,1.5099998563528061e-05,0.04836889999569394,106552,10
controlled-v1/repeated_entries_timed_returns/05,NO_PROTOCOL_CONTINUATION,0.056552899986854754,0.050807699997676536,0.0583623999991687,1.5099998563528061e-05,0.05656799998541828,85121,12
controlled-v1/repeated_entries_timed_returns/06,BOUNDED_REACHABILITY,0.00037769999471493065,0.000265499998931773,0.0005835999909322709,1.6200006939470768e-05,0.0003939000016544014,12971,0
controlled-v1/repeated_entries_timed_returns/06,POISON,0.00038270000368356705,0.00035259999276604503,0.0006495999987237155,1.6200006939470768e-05,0.0003989000106230378,13396,0
controlled-v1/repeated_entries_timed_returns/06,HAIRCUT,0.0005824999971082434,0.0003226999979233369,0.0005897999944863841,1.6200006939470768e-05,0.0005987000040477142,23997,0
controlled-v1/repeated_entries_timed_returns/06,NO_CROSS_TARGET_COUPLING,0.04661309999937657,0.04471600000397302,0.0526943000004394,1.6200006939470768e-05,0.04662930000631604,106860,10
controlled-v1/repeated_entries_timed_returns/06,NO_PROTOCOL_CONTINUATION,0.05435590000706725,0.05270999998901971,0.059946399996988475,1.6200006939470768e-05,0.05437210001400672,86129,12
controlled-v1/repeated_entries_timed_returns/06,BALANCE_INFORMATION_REMOVED,0.05522409999684896,0.053946100000757724,0.061422899991157465,1.6200006939470768e-05,0.055240300003788434,88415,12
controlled-v1/repeated_entries_timed_returns/06,FULL_INTERVAL,0.06031879999500234,0.05158689999370836,0.06460929999593645,1.6200006939470768e-05,0.06033500000194181,85474,12
controlled-v1/repeated_entries_timed_returns/07,FULL_INTERVAL,0.05431710000266321,0.051845699999830686,0.06233260000590235,1.4800010831095278e-05,0.054331900013494305,85664,12
controlled-v1/repeated_entries_timed_returns/07,BOUNDED_REACHABILITY,0.0001773999974830076,0.0001652000064495951,0.00032980000833049417,1.4800010831095278e-05,0.0001922000083141029,12968,0
controlled-v1/repeated_entries_timed_returns/07,POISON,0.00032369999098591506,0.00014109999756328762,0.00048580000293441117,1.4800010831095278e-05,0.00033850000181701034,13388,0
controlled-v1/repeated_entries_timed_returns/07,HAIRCUT,0.0006385000015143305,0.0005511999916052446,0.0009495999984210357,1.4800010831095278e-05,0.0006533000123454258,23917,0
controlled-v1/repeated_entries_timed_returns/07,NO_CROSS_TARGET_COUPLING,0.048524199999519624,0.04465300000447314,0.05418669999926351,1.4800010831095278e-05,0.04853900001035072,106601,10
controlled-v1/repeated_entries_timed_returns/07,NO_PROTOCOL_CONTINUATION,0.056994899990968406,0.052268600004026666,0.06064460000197869,1.4800010831095278e-05,0.0570097000017995,86425,12
controlled-v1/repeated_entries_timed_returns/07,BALANCE_INFORMATION_REMOVED,0.059718799995607696,0.05461749999085441,0.06197959999553859,1.4800010831095278e-05,0.05973360000643879,88067,12
controlled-v1/repeated_entries_timed_returns/08,BALANCE_INFORMATION_REMOVED,0.05797059999895282,0.056365500000538304,0.06735129999287892,1.5099998563528061e-05,0.05798569999751635,89266,12
controlled-v1/repeated_entries_timed_returns/08,FULL_INTERVAL,0.05356539999775123,0.05258940000203438,0.05561890000535641,1.5099998563528061e-05,0.05358049999631476,86234,12
controlled-v1/repeated_entries_timed_returns/08,BOUNDED_REACHABILITY,0.0003581999917514622,0.00034679999225772917,0.0004741000011563301,1.5099998563528061e-05,0.0003732999903149903,12969,0
controlled-v1/repeated_entries_timed_returns/08,POISON,0.0002327999973203987,0.00015279999934136868,0.00034249998861923814,1.5099998563528061e-05,0.00024789999588392675,13392,0
controlled-v1/repeated_entries_timed_returns/08,HAIRCUT,0.0005987000040477142,0.0005749000119976699,0.0006426000036299229,1.5099998563528061e-05,0.0006138000026112422,23973,0
controlled-v1/repeated_entries_timed_returns/08,NO_CROSS_TARGET_COUPLING,0.04716560000088066,0.04515900000114925,0.04817249999905471,1.5099998563528061e-05,0.04718069999944419,106162,10
controlled-v1/repeated_entries_timed_returns/08,NO_PROTOCOL_CONTINUATION,0.05316840000159573,0.050079699998605065,0.05519720001029782,1.5099998563528061e-05,0.053183500000159256,85185,12
controlled-v1/repeated_entries_timed_returns/09,FULL_INTERVAL,0.05421109999588225,0.049012200004654005,0.05702039999596309,1.3299999409355223e-05,0.054224399995291606,86573,12
controlled-v1/repeated_entries_timed_returns/09,BOUNDED_REACHABILITY,0.00046579999616369605,0.0004202999989502132,0.0006825000018579885,1.3299999409355223e-05,0.0004790999955730513,12968,0
controlled-v1/repeated_entries_timed_returns/09,POISON,0.0003468000068096444,0.000152900000102818,0.0004243000003043562,1.3299999409355223e-05,0.0003601000062189996,13390,0
controlled-v1/repeated_entries_timed_returns/09,HAIRCUT,0.0008430000016232952,0.0006711000023642555,0.0010860999900614843,1.3299999409355223e-05,0.0008563000010326505,23953,0
controlled-v1/repeated_entries_timed_returns/09,NO_CROSS_TARGET_COUPLING,0.04903110000304878,0.04638569999951869,0.04977870000584517,1.3299999409355223e-05,0.04904440000245813,106851,10
controlled-v1/repeated_entries_timed_returns/09,NO_PROTOCOL_CONTINUATION,0.056149800002458505,0.04839100000390317,0.05675449999398552,1.3299999409355223e-05,0.05616310000186786,85563,12
controlled-v1/repeated_entries_timed_returns/09,BALANCE_INFORMATION_REMOVED,0.05612590000964701,0.048916699990513735,0.05807839999033604,1.3299999409355223e-05,0.05613920000905637,88333,12
controlled-v1/gas_background_and_anchors/00,NO_CROSS_TARGET_COUPLING,0.020510700007434934,0.018664500006707385,0.02103930000157561,1.4399993233382702e-05,0.020525100000668317,79590,4
controlled-v1/gas_background_and_anchors/00,NO_PROTOCOL_CONTINUATION,0.028247199996258132,0.02525259999674745,0.030449499987298623,1.4399993233382702e-05,0.028261599989491515,61780,6
controlled-v1/gas_background_and_anchors/00,BALANCE_INFORMATION_REMOVED,0.022565900013432838,0.021905000001424924,0.026523799999267794,1.4399993233382702e-05,0.02258030000666622,63276,6
controlled-v1/gas_background_and_anchors/00,FULL_INTERVAL,0.024248999994597398,0.02351020000060089,0.029002900002524257,1.4399993233382702e-05,0.02426339998783078,61470,6
controlled-v1/gas_background_and_anchors/00,BOUNDED_REACHABILITY,0.00048180000158026814,0.00039870000910013914,0.0005167000053916126,1.4399993233382702e-05,0.0004961999948136508,12833,0
controlled-v1/gas_background_and_anchors/00,POISON,0.00038639998820144683,0.0003012999950442463,0.0005039999959990382,1.4399993233382702e-05,0.00040079998143482953,13253,0
controlled-v1/gas_background_and_anchors/00,HAIRCUT,0.0006274999905144796,0.0004976999916834757,0.0006584999937331304,1.4399993233382702e-05,0.0006418999837478623,22459,0
controlled-v1/gas_background_and_anchors/01,NO_CROSS_TARGET_COUPLING,0.02024610000080429,0.019045299995923415,0.02077280000958126,4.600000102072954e-05,0.02029210000182502,79641,4
controlled-v1/gas_background_and_anchors/01,NO_PROTOCOL_CONTINUATION,0.028682100004516542,0.024825500004226342,0.03462789999321103,4.600000102072954e-05,0.02872810000553727,61720,6
controlled-v1/gas_background_and_anchors/01,BALANCE_INFORMATION_REMOVED,0.02611869999964256,0.023266700009116903,0.02974790000007488,4.600000102072954e-05,0.026164700000663288,62905,6
controlled-v1/gas_background_and_anchors/01,FULL_INTERVAL,0.02776889999222476,0.027101600004243664,0.028374300003633834,4.600000102072954e-05,0.02781489999324549,61426,6
controlled-v1/gas_background_and_anchors/01,BOUNDED_REACHABILITY,0.00045199999294709414,0.00038500000664498657,0.0005216999998083338,4.600000102072954e-05,0.0004979999939678237,12833,0
controlled-v1/gas_background_and_anchors/01,POISON,0.00026429998979438096,0.0001444000081392005,0.00036389999149832875,4.600000102072954e-05,0.0003102999908151105,13253,0
controlled-v1/gas_background_and_anchors/01,HAIRCUT,0.0006694999901810661,0.0005583999882219359,0.0011175999970873818,4.600000102072954e-05,0.0007154999912017956,22459,0
controlled-v1/gas_background_and_anchors/02,BOUNDED_REACHABILITY,0.0001917000045068562,0.00013010000111535192,0.0003228999994462356,1.3700002455152571e-05,0.00020540000696200877,12833,0
controlled-v1/gas_background_and_anchors/02,POISON,0.0006154000002425164,0.00017640000442042947,0.000719599993317388,1.3700002455152571e-05,0.000629100002697669,13254,0
controlled-v1/gas_background_and_anchors/02,HAIRCUT,0.000719899995601736,0.0006442999874707311,0.001140100008342415,1.3700002455152571e-05,0.0007335999980568886,22589,0
controlled-v1/gas_background_and_anchors/02,NO_CROSS_TARGET_COUPLING,0.02157870000519324,0.02028519999294076,0.025298900000052527,1.3700002455152571e-05,0.021592400007648394,80433,4
controlled-v1/gas_background_and_anchors/02,NO_PROTOCOL_CONTINUATION,0.030725799995707348,0.02764160001242999,0.03165669999725651,1.3700002455152571e-05,0.0307394999981625,61742,6
controlled-v1/gas_background_and_anchors/02,BALANCE_INFORMATION_REMOVED,0.03444319999834988,0.03034079998906236,0.04183429999102373,1.3700002455152571e-05,0.034456900000805035,62700,6
controlled-v1/gas_background_and_anchors/02,FULL_INTERVAL,0.032091699991724454,0.025401399994734675,0.03480550000676885,1.3700002455152571e-05,0.032105399994179606,60958,6
controlled-v1/gas_background_and_anchors/03,NO_PROTOCOL_CONTINUATION,0.02644729999883566,0.02403900001081638,0.029169199988245964,4.1400009649805725e-05,0.026488700008485466,61434,6
controlled-v1/gas_background_and_anchors/03,BALANCE_INFORMATION_REMOVED,0.028049400003510527,0.027660100007778965,0.030958999996073544,4.1400009649805725e-05,0.028090800013160333,63351,6
controlled-v1/gas_background_and_anchors/03,FULL_INTERVAL,0.02660219999961555,0.02265689999330789,0.027709100002539344,4.1400009649805725e-05,0.026643600009265356,61120,6
controlled-v1/gas_background_and_anchors/03,BOUNDED_REACHABILITY,0.00037370000791270286,0.0002243999915663153,0.00038479999057017267,4.1400009649805725e-05,0.0004151000175625086,12833,0
controlled-v1/gas_background_and_anchors/03,POISON,0.00028140000358689576,0.00016090000281110406,0.000515899999300018,4.1400009649805725e-05,0.0003228000132367015,13254,0
controlled-v1/gas_background_and_anchors/03,HAIRCUT,0.0005532000068342313,0.00022159999934956431,0.0011146000033477321,4.1400009649805725e-05,0.000594600016484037,22589,0
controlled-v1/gas_background_and_anchors/03,NO_CROSS_TARGET_COUPLING,0.020197099991491996,0.01944990000629332,0.02149719999579247,4.1400009649805725e-05,0.0202385000011418,80371,4
controlled-v1/gas_background_and_anchors/04,NO_CROSS_TARGET_COUPLING,0.020772399991983548,0.018812899987096898,0.022267500011366792,7.100000220816582e-05,0.020843399994191714,79814,4
controlled-v1/gas_background_and_anchors/04,NO_PROTOCOL_CONTINUATION,0.028451799997128546,0.025956600002245978,0.03265550000651274,7.100000220816582e-05,0.028522799999336712,62029,6
controlled-v1/gas_background_and_anchors/04,BALANCE_INFORMATION_REMOVED,0.026986999990185723,0.023641000007046387,0.03013670000655111,7.100000220816582e-05,0.02705799999239389,63232,6
controlled-v1/gas_background_and_anchors/04,FULL_INTERVAL,0.025901000000885688,0.024805900000501424,0.03229210000426974,7.100000220816582e-05,0.025972000003093854,61163,6
controlled-v1/gas_background_and_anchors/04,BOUNDED_REACHABILITY,0.0003659999929368496,0.0001880999916465953,0.0004442999925231561,7.100000220816582e-05,0.0004369999951450154,12833,0
controlled-v1/gas_background_and_anchors/04,POISON,0.00042969999776687473,0.0001424999936716631,0.0005501999985426664,7.100000220816582e-05,0.0005006999999750406,13254,0
controlled-v1/gas_background_and_anchors/04,HAIRCUT,0.0005731999990530312,0.0005582000012509525,0.0007040000054985285,7.100000220816582e-05,0.000644200001261197,22573,0
controlled-v1/gas_background_and_anchors/05,BALANCE_INFORMATION_REMOVED,0.026932999986456707,0.025612699988414533,0.030266500005382113,4.270000499673188e-05,0.02697569999145344,64570,6
controlled-v1/gas_background_and_anchors/05,FULL_INTERVAL,0.02652430000307504,0.02538200000708457,0.028293800001847558,4.270000499673188e-05,0.026567000008071773,63031,6
controlled-v1/gas_background_and_anchors/05,BOUNDED_REACHABILITY,0.00043200000072829425,0.0003282999969087541,0.0004734999965876341,4.270000499673188e-05,0.00047470000572502613,12913,0
controlled-v1/gas_background_and_anchors/05,POISON,0.000264899994363077,0.0001618999958736822,0.0004774999979417771,4.270000499673188e-05,0.00030759999935980886,13334,0
controlled-v1/gas_background_and_anchors/05,HAIRCUT,0.0005684000061592087,0.0005420000088633969,0.0006483000033767894,4.270000499673188e-05,0.0006111000111559406,22934,0
controlled-v1/gas_background_and_anchors/05,NO_CROSS_TARGET_COUPLING,0.019181699986802414,0.01845540000067558,0.020956799999112263,4.270000499673188e-05,0.019224399991799146,82801,4
controlled-v1/gas_background_and_anchors/05,NO_PROTOCOL_CONTINUATION,0.02687240000523161,0.02334480000718031,0.02830520000134129,4.270000499673188e-05,0.026915100010228343,62871,6
controlled-v1/gas_background_and_anchors/06,BOUNDED_REACHABILITY,0.0005132000078447163,0.00040410000656265765,0.0006914999976288527,1.5700003132224083e-05,0.0005289000109769404,12913,0
controlled-v1/gas_background_and_anchors/06,POISON,0.00047759999870322645,0.00019839999731630087,0.0006349000032059848,1.5700003132224083e-05,0.0004933000018354505,13334,0
controlled-v1/gas_background_and_anchors/06,HAIRCUT,0.0005832000024383888,0.000564800007850863,0.0007926000107545406,1.5700003132224083e-05,0.0005989000055706128,23017,0
controlled-v1/gas_background_and_anchors/06,NO_CROSS_TARGET_COUPLING,0.020196600002236664,0.0196490999951493,0.020717199993669055,1.5700003132224083e-05,0.02021230000536889,82799,4
controlled-v1/gas_background_and_anchors/06,NO_PROTOCOL_CONTINUATION,0.026465300004929304,0.0247049000026891,0.03235570000833832,1.5700003132224083e-05,0.026481000008061528,62494,6
controlled-v1/gas_background_and_anchors/06,BALANCE_INFORMATION_REMOVED,0.02665639999031555,0.024958699999842793,0.02849560001050122,1.5700003132224083e-05,0.026672099993447773,64838,6
controlled-v1/gas_background_and_anchors/06,FULL_INTERVAL,0.02935599999909755,0.026250800001434982,0.03490539999620523,1.5700003132224083e-05,0.029371700002229773,62409,6
controlled-v1/gas_background_and_anchors/07,HAIRCUT,0.000636800003121607,0.0004044999950565398,0.0009175999875878915,4.2100000428035855e-05,0.0006789000035496429,21014,0
controlled-v1/gas_background_and_anchors/07,NO_CROSS_TARGET_COUPLING,0.01929270000255201,0.016868500009877607,0.02280189999146387,4.2100000428035855e-05,0.019334800002980046,82342,4
controlled-v1/gas_background_and_anchors/07,NO_PROTOCOL_CONTINUATION,0.028281999999308027,0.024807900001178496,0.03087640000740066,4.2100000428035855e-05,0.028324099999736063,62990,6
controlled-v1/gas_background_and_anchors/07,BALANCE_INFORMATION_REMOVED,0.029738700002781115,0.028785699993022718,0.033085000002756715,4.2100000428035855e-05,0.02978080000320915,64488,6
controlled-v1/gas_background_and_anchors/07,FULL_INTERVAL,0.027665000001434237,0.024851800000760704,0.03016159999242518,4.2100000428035855e-05,0.027707100001862273,62787,6
controlled-v1/gas_background_and_anchors/07,BOUNDED_REACHABILITY,0.00035430000571068376,0.0003352999920025468,0.0004165999998804182,4.2100000428035855e-05,0.0003964000061387196,12913,0
controlled-v1/gas_background_and_anchors/07,POISON,0.0003561999910743907,0.00033549999352544546,0.0006808999896747991,4.2100000428035855e-05,0.00039829999150242656,13334,0
controlled-v1/gas_background_and_anchors/08,FULL_INTERVAL,0.025657999998657033,0.025158999997074716,0.02664050000021234,5.729999975301325e-05,0.025715299998410046,62801,6
controlled-v1/gas_background_and_anchors/08,BOUNDED_REACHABILITY,0.00035820000630337745,0.0003345000004628673,0.0003654000029200688,5.729999975301325e-05,0.0004155000060563907,12913,0
controlled-v1/gas_background_and_anchors/08,POISON,0.0003504000051179901,0.00033830000029411167,0.00044319999869912863,5.729999975301325e-05,0.00040770000487100333,13334,0
controlled-v1/gas_background_and_anchors/08,HAIRCUT,0.0006087000074330717,0.00026509999588597566,0.0006844000017736107,5.729999975301325e-05,0.000666000007186085,22934,0
controlled-v1/gas_background_and_anchors/08,NO_CROSS_TARGET_COUPLING,0.01949790000799112,0.018582999997306615,0.020710199998575263,5.729999975301325e-05,0.019555200007744133,82896,4
controlled-v1/gas_background_and_anchors/08,NO_PROTOCOL_CONTINUATION,0.027858299989020452,0.024451500008581206,0.03148600000713486,5.729999975301325e-05,0.027915599988773465,62986,6
controlled-v1/gas_background_and_anchors/08,BALANCE_INFORMATION_REMOVED,0.026848099994822405,0.025737399992067367,0.02891579999413807,5.729999975301325e-05,0.02690539999457542,64426,6
controlled-v1/gas_background_and_anchors/09,HAIRCUT,0.0006781000120099634,0.0002351000002818182,0.001222200007759966,1.5099998563528061e-05,0.0006932000105734915,21014,0
controlled-v1/gas_background_and_anchors/09,NO_CROSS_TARGET_COUPLING,0.02082160000281874,0.02004450000822544,0.023394600008032285,1.5099998563528061e-05,0.02083670000138227,82226,4
controlled-v1/gas_background_and_anchors/09,NO_PROTOCOL_CONTINUATION,0.025458099989918992,0.02232160000130534,0.026985499993315898,1.5099998563528061e-05,0.02547319998848252,62869,6
controlled-v1/gas_background_and_anchors/09,BALANCE_INFORMATION_REMOVED,0.02839510000194423,0.028084599995054305,0.029963499997393228,1.5099998563528061e-05,0.028410200000507757,64626,6
controlled-v1/gas_background_and_anchors/09,FULL_INTERVAL,0.028126399993197992,0.027314400009345263,0.028989400001592003,1.5099998563528061e-05,0.02814149999176152,62571,6
controlled-v1/gas_background_and_anchors/09,BOUNDED_REACHABILITY,0.0003311000036774203,0.00017720001051202416,0.00036359998921398073,1.5099998563528061e-05,0.0003462000022409484,12913,0
controlled-v1/gas_background_and_anchors/09,POISON,0.00035650000791065395,0.0003404999879421666,0.00037740000698249787,1.5099998563528061e-05,0.000371600006474182,13334,0
controlled-v1/canonical_weth_1to1/00,POISON,0.0003372000064700842,0.0003009999927598983,0.00041009999404195696,1.6399993910454214e-05,0.0003536000003805384,12021,0
controlled-v1/canonical_weth_1to1/00,HAIRCUT,0.00022790000366512686,0.00018010000349022448,0.0005393000028561801,1.6399993910454214e-05,0.0002442999975755811,16119,0
controlled-v1/canonical_weth_1to1/00,NO_CROSS_TARGET_COUPLING,0.010022400005254894,0.006986599997617304,0.010516799986362457,1.6399993910454214e-05,0.010038799999165349,40919,2
controlled-v1/canonical_weth_1to1/00,NO_PROTOCOL_CONTINUATION,0.008361100000911392,0.006504800010588951,0.012610399993718602,1.6399993910454214e-05,0.008377499994821846,32737,2
controlled-v1/canonical_weth_1to1/00,BALANCE_INFORMATION_REMOVED,0.011008800007402897,0.009262700012186542,0.01242169999750331,1.6399993910454214e-05,0.011025200001313351,33748,2
controlled-v1/canonical_weth_1to1/00,FULL_INTERVAL,0.009281600010581315,0.00803710000764113,0.01016830001026392,1.6399993910454214e-05,0.009298000004491769,32741,2
controlled-v1/canonical_weth_1to1/00,BOUNDED_REACHABILITY,0.00018869999621529132,0.00012900000729132444,0.00045340000360738486,1.6399993910454214e-05,0.00020509999012574553,11685,0
controlled-v1/canonical_weth_1to1/01,POISON,0.00016280000272672623,0.00014649999502580613,0.00082970000221394,1.8499995348975062e-05,0.0001812999980757013,14857,0
controlled-v1/canonical_weth_1to1/01,HAIRCUT,0.0005729999975301325,0.00024649999977555126,0.0007099999929778278,1.8499995348975062e-05,0.0005914999928791076,19746,0
controlled-v1/canonical_weth_1to1/01,NO_CROSS_TARGET_COUPLING,0.019547999996575527,0.018100400004186668,0.02213459998893086,1.8499995348975062e-05,0.019566499991924502,57683,4
controlled-v1/canonical_weth_1to1/01,NO_PROTOCOL_CONTINUATION,0.028632300003664568,0.026520400002482347,0.033479599995189346,1.8499995348975062e-05,0.028650799999013543,50800,6
controlled-v1/canonical_weth_1to1/01,BALANCE_INFORMATION_REMOVED,0.03290669999842066,0.030196099993190728,0.03589009999996051,1.8499995348975062e-05,0.03292519999376964,52406,6
controlled-v1/canonical_weth_1to1/01,FULL_INTERVAL,0.03190080000786111,0.02993969999079127,0.035521600002539344,1.8499995348975062e-05,0.03191930000321008,51002,6
controlled-v1/canonical_weth_1to1/01,BOUNDED_REACHABILITY,0.00044169998727738857,0.00016969999705906957,0.0006292000034591183,1.8499995348975062e-05,0.00046019998262636364,14395,0
controlled-v1/canonical_weth_1to1/02,FULL_INTERVAL,0.009813000011490658,0.00915779999922961,0.010630100005073473,5.7199998991563916e-05,0.009870200010482222,32760,2
controlled-v1/canonical_weth_1to1/02,BOUNDED_REACHABILITY,0.0005485000001499429,0.0004944000102113932,0.0007070999999996275,5.7199998991563916e-05,0.0006056999991415069,11685,0
controlled-v1/canonical_weth_1to1/02,POISON,0.0004650000046240166,0.0004064000095240772,0.0005320999916875735,5.7199998991563916e-05,0.0005222000036155805,12149,0
controlled-v1/canonical_weth_1to1/02,HAIRCUT,0.0004254000086802989,0.00024380000832024962,0.0007339000003412366,5.7199998991563916e-05,0.00048260000767186284,18295,0
controlled-v1/canonical_weth_1to1/02,NO_CROSS_TARGET_COUPLING,0.010826600002474152,0.00976980000268668,0.013898399993195198,5.7199998991563916e-05,0.010883800001465715,41480,2
controlled-v1/canonical_weth_1to1/02,NO_PROTOCOL_CONTINUATION,0.008735999988857657,0.008090600007562898,0.01065039999957662,5.7199998991563916e-05,0.00879319998784922,32578,2
controlled-v1/canonical_weth_1to1/02,BALANCE_INFORMATION_REMOVED,0.010638099993229844,0.009620700002415106,0.014092600002186373,5.7199998991563916e-05,0.010695299992221408,33807,2
controlled-v1/canonical_weth_1to1/03,NO_CROSS_TARGET_COUPLING,0.01853339999797754,0.01719240000238642,0.020097999993595295,5.639999289996922e-05,0.01858979999087751,57021,4
controlled-v1/canonical_weth_1to1/03,NO_PROTOCOL_CONTINUATION,0.02808980000554584,0.022964000003412366,0.028913100002682768,5.639999289996922e-05,0.02814619999844581,50976,6
controlled-v1/canonical_weth_1to1/03,BALANCE_INFORMATION_REMOVED,0.02503920000162907,0.02321769999980461,0.02606530000048224,5.639999289996922e-05,0.02509559999452904,52179,6
controlled-v1/canonical_weth_1to1/03,FULL_INTERVAL,0.025945400004275143,0.020999500004108995,0.031578800000716,5.639999289996922e-05,0.026001799997175112,50947,6
controlled-v1/canonical_weth_1to1/03,BOUNDED_REACHABILITY,0.0005516999954124913,0.0001615999935893342,0.0005825999978696927,5.639999289996922e-05,0.0006080999883124605,14203,0
controlled-v1/canonical_weth_1to1/03,POISON,0.0005144000024301931,0.0003799999976763502,0.000635899996268563,5.639999289996922e-05,0.0005707999953301623,14926,0
controlled-v1/canonical_weth_1to1/03,HAIRCUT,0.0005628000071737915,0.000304599991068244,0.0008357000042451546,5.639999289996922e-05,0.0006192000000737607,21544,0
controlled-v1/canonical_weth_1to1/04,FULL_INTERVAL,0.008500500000081956,0.005570699999225326,0.01188689999980852,1.4000004739500582e-05,0.008514500004821457,32714,2
controlled-v1/canonical_weth_1to1/04,BOUNDED_REACHABILITY,0.0003938000008929521,0.0001677999971434474,0.000559899999643676,1.4000004739500582e-05,0.00040780000563245267,11689,0
controlled-v1/canonical_weth_1to1/04,POISON,0.0004288000054657459,0.0001770999951986596,0.0006313999911071733,1.4000004739500582e-05,0.0004428000102052465,12159,0
controlled-v1/canonical_weth_1to1/04,HAIRCUT,0.0005575000104727224,0.00023040000814944506,0.0006265000120038167,1.4000004739500582e-05,0.0005715000152122229,18306,0
controlled-v1/canonical_weth_1to1/04,NO_CROSS_TARGET_COUPLING,0.008437299999059178,0.008134899995638989,0.009516699996311218,1.4000004739500582e-05,0.008451300003798679,41178,2
controlled-v1/canonical_weth_1to1/04,NO_PROTOCOL_CONTINUATION,0.008598200001870282,0.00813979998929426,0.008975499993539415,1.4000004739500582e-05,0.008612200006609783,32463,2
controlled-v1/canonical_weth_1to1/04,BALANCE_INFORMATION_REMOVED,0.008080999992671423,0.0067992999975103885,0.009956000008969568,1.4000004739500582e-05,0.008094999997410923,33794,2
controlled-v1/canonical_weth_1to1/05,NO_PROTOCOL_CONTINUATION,0.027793100001872517,0.025223999997251667,0.027979400008916855,1.5600002370774746e-05,0.027808700004243292,50522,6
controlled-v1/canonical_weth_1to1/05,BALANCE_INFORMATION_REMOVED,0.02542659999744501,0.023334999990765937,0.027336799990735017,1.5600002370774746e-05,0.025442199999815784,52106,6
controlled-v1/canonical_weth_1to1/05,FULL_INTERVAL,0.02899489999981597,0.022893500005011447,0.03178010000556242,1.5600002370774746e-05,0.029010500002186745,51087,6
controlled-v1/canonical_weth_1to1/05,BOUNDED_REACHABILITY,0.00044630000775214285,0.00016789999790489674,0.0005035000067437068,1.5600002370774746e-05,0.0004619000101229176,14395,0
controlled-v1/canonical_weth_1to1/05,POISON,0.0003757999947993085,0.00035370000114198774,0.0004074000025866553,1.5600002370774746e-05,0.0003913999971700832,15113,0
controlled-v1/canonical_weth_1to1/05,HAIRCUT,0.0003257999924244359,0.0002339000056963414,0.000982600002316758,1.5600002370774746e-05,0.00034139999479521066,21577,0
controlled-v1/canonical_weth_1to1/05,NO_CROSS_TARGET_COUPLING,0.017853000012109987,0.01673599999048747,0.01930949999950826,1.5600002370774746e-05,0.017868600014480762,57673,4
controlled-v1/canonical_weth_1to1/06,FULL_INTERVAL,0.007981599992490374,0.007746199989924207,0.009154600003967062,6.049999501556158e-05,0.008042099987505935,32804,2
controlled-v1/canonical_weth_1to1/06,BOUNDED_REACHABILITY,0.0002812000020639971,0.0001584999990882352,0.0003080000024056062,6.049999501556158e-05,0.00034169999707955867,11685,0
controlled-v1/canonical_weth_1to1/06,POISON,0.00028480000037234277,0.00028079999901819974,0.0003429999924264848,6.049999501556158e-05,0.00034529999538790435,12149,0
controlled-v1/canonical_weth_1to1/06,HAIRCUT,0.0004597999941324815,0.0004209000035189092,0.0007066999969538301,6.049999501556158e-05,0.0005202999891480431,18295,0
controlled-v1/canonical_weth_1to1/06,NO_CROSS_TARGET_COUPLING,0.00918749999254942,0.00750359999074135,0.009369100007461384,6.049999501556158e-05,0.009247999987564981,41236,2
controlled-v1/canonical_weth_1to1/06,NO_PROTOCOL_CONTINUATION,0.008680200000526384,0.00707459999830462,0.009632300003431737,6.049999501556158e-05,0.008740699995541945,32476,2
controlled-v1/canonical_weth_1to1/06,BALANCE_INFORMATION_REMOVED,0.009182499998132698,0.008255799999460578,0.009686000004876405,6.049999501556158e-05,0.00924299999314826,33794,2
controlled-v1/canonical_weth_1to1/07,HAIRCUT,0.00038660000427626073,0.00028950000705663115,0.0005230000097071752,5.0099988584406674e-05,0.0004366999928606674,19507,0
controlled-v1/canonical_weth_1to1/07,NO_CROSS_TARGET_COUPLING,0.018990799988387153,0.0159171000123024,0.02152780001051724,5.0099988584406674e-05,0.01904089997697156,58026,4
controlled-v1/canonical_weth_1to1/07,NO_PROTOCOL_CONTINUATION,0.02535919999354519,0.024807599998894148,0.02675210000597872,5.0099988584406674e-05,0.025409299982129596,50948,6
controlled-v1/canonical_weth_1to1/07,BALANCE_INFORMATION_REMOVED,0.025147499996819533,0.023312899997108616,0.028860500009614043,5.0099988584406674e-05,0.02519759998540394,52378,6
controlled-v1/canonical_weth_1to1/07,FULL_INTERVAL,0.026782599990838207,0.023259900000994094,0.02852310000162106,5.0099988584406674e-05,0.026832699979422614,50776,6
controlled-v1/canonical_weth_1to1/07,BOUNDED_REACHABILITY,0.0004009000113001093,0.0001680999994277954,0.0005831000016769394,5.0099988584406674e-05,0.000450999999884516,14399,0
controlled-v1/canonical_weth_1to1/07,POISON,0.0003988000098615885,0.0001770999951986596,0.0007212000055005774,5.0099988584406674e-05,0.00044889999844599515,15122,0
controlled-v1/canonical_weth_1to1/08,BALANCE_INFORMATION_REMOVED,0.008205599995562807,0.007831599999917671,0.010240999996312894,3.8999991375021636e-05,0.008244599986937828,33540,2
controlled-v1/canonical_weth_1to1/08,FULL_INTERVAL,0.009007399989059195,0.008422699989750981,0.009977599998819642,3.8999991375021636e-05,0.009046399980434217,32638,2
controlled-v1/canonical_weth_1to1/08,BOUNDED_REACHABILITY,0.0003589999978430569,0.0002896999940276146,0.0005874000053154305,3.8999991375021636e-05,0.00039799998921807855,11689,0
controlled-v1/canonical_weth_1to1/08,POISON,0.00029070000164210796,0.00014970000484026968,0.00030590000096708536,3.8999991375021636e-05,0.0003296999930171296,12159,0
controlled-v1/canonical_weth_1to1/08,HAIRCUT,0.0005569000059040263,0.00048800000513438135,0.0005914000066695735,3.8999991375021636e-05,0.000595899997279048,18304,0
controlled-v1/canonical_weth_1to1/08,NO_CROSS_TARGET_COUPLING,0.007905200007371604,0.007233399999677204,0.008846800003084354,3.8999991375021636e-05,0.007944199998746626,41665,2
controlled-v1/canonical_weth_1to1/08,NO_PROTOCOL_CONTINUATION,0.008175099996151403,0.006868100012070499,0.009105600009206682,3.8999991375021636e-05,0.008214099987526424,32468,2
controlled-v1/canonical_weth_1to1/09,POISON,0.0001576999929966405,0.00014990000636316836,0.0005889000021852553,6.880000000819564e-05,0.00022649999300483614,14866,0
controlled-v1/canonical_weth_1to1/09,HAIRCUT,0.0004776999994646758,0.0002305999951204285,0.0009246999979950488,6.880000000819564e-05,0.0005464999994728714,19650,0
controlled-v1/canonical_weth_1to1/09,NO_CROSS_TARGET_COUPLING,0.017341200000373647,0.01644530000339728,0.018068099991069175,6.880000000819564e-05,0.017410000000381842,57571,4
controlled-v1/canonical_weth_1to1/09,NO_PROTOCOL_CONTINUATION,0.023759999996400438,0.022590399996261112,0.024761200009379536,6.880000000819564e-05,0.023828799996408634,50725,6
controlled-v1/canonical_weth_1to1/09,BALANCE_INFORMATION_REMOVED,0.02478079999855254,0.02316850000352133,0.025594299993827008,6.880000000819564e-05,0.024849599998560734,51989,6
controlled-v1/canonical_weth_1to1/09,FULL_INTERVAL,0.025218700000550598,0.021842200003447942,0.025592199992388487,6.880000000819564e-05,0.025287500000558794,50955,6
controlled-v1/canonical_weth_1to1/09,BOUNDED_REACHABILITY,0.00015870000061113387,0.00013359999866224825,0.0003412000078242272,6.880000000819564e-05,0.0002275000006193295,14399,0
controlled-v1/missing_information_and_boundary_controls/00,HAIRCUT,0.0004961999948136508,0.000374700000975281,0.0006645999965257943,3.2099997042678297e-05,0.0005282999918563291,11685,0
controlled-v1/missing_information_and_boundary_controls/00,NO_CROSS_TARGET_COUPLING,0.016381000008550473,0.01587149999977555,0.018686500014155172,3.2099997042678297e-05,0.01641310000559315,38912,4
controlled-v1/missing_information_and_boundary_controls/00,NO_PROTOCOL_CONTINUATION,0.02155970000603702,0.021280599990859628,0.027026199997635558,3.2099997042678297e-05,0.021591800003079697,37462,6
controlled-v1/missing_information_and_boundary_controls/00,BALANCE_INFORMATION_REMOVED,0.020012399996630847,0.016717699996661395,0.02285800001118332,3.2099997042678297e-05,0.020044499993673526,37851,6
controlled-v1/missing_information_and_boundary_controls/00,FULL_INTERVAL,0.021019899999373592,0.01940689999901224,0.02481459999398794,3.2099997042678297e-05,0.02105199999641627,37477,6
controlled-v1/missing_information_and_boundary_controls/00,BOUNDED_REACHABILITY,0.0002894999925047159,0.00014309999824035913,0.0005504000000655651,3.2099997042678297e-05,0.0003215999895473942,7971,0
controlled-v1/missing_information_and_boundary_controls/00,POISON,0.0003291000030003488,0.0002835999912349507,0.00044920000073034316,3.2099997042678297e-05,0.0003612000000430271,8223,0
controlled-v1/missing_information_and_boundary_controls/01,NO_CROSS_TARGET_COUPLING,0.017140300013124943,0.014592699997592717,0.020207900000968948,3.100000321865082e-05,0.017171300016343594,38661,4
controlled-v1/missing_information_and_boundary_controls/01,NO_PROTOCOL_CONTINUATION,0.021445799997309223,0.021060899991425686,0.023270900011993945,3.100000321865082e-05,0.021476800000527874,37291,6
controlled-v1/missing_information_and_boundary_controls/01,BALANCE_INFORMATION_REMOVED,0.02321099999244325,0.02033579999988433,0.025824800002737902,3.100000321865082e-05,0.0232419999956619,37820,6
controlled-v1/missing_information_and_boundary_controls/01,FULL_INTERVAL,0.022504599997773767,0.021042100008344278,0.023700699995970353,3.100000321865082e-05,0.022535600000992417,36978,6
controlled-v1/missing_information_and_boundary_controls/01,BOUNDED_REACHABILITY,0.00022250000620260835,0.00021040000137872994,0.0002693999995244667,3.100000321865082e-05,0.00025350000942125916,7971,0
controlled-v1/missing_information_and_boundary_controls/01,POISON,0.0002359000063734129,0.00010130000009667128,0.0002975999959744513,3.100000321865082e-05,0.0002669000095920637,8223,0
controlled-v1/missing_information_and_boundary_controls/01,HAIRCUT,0.00036050000926479697,0.00015630001144018024,0.0006346000009216368,3.100000321865082e-05,0.0003915000124834478,13349,0
controlled-v1/missing_information_and_boundary_controls/02,NO_PROTOCOL_CONTINUATION,0.009328499989351258,0.0077769999916199595,0.009634499991079792,5.2400006097741425e-05,0.009380899995448999,32826,2
controlled-v1/missing_information_and_boundary_controls/02,BALANCE_INFORMATION_REMOVED,0.01025350000418257,0.009293800001614727,0.012294700005440973,5.2400006097741425e-05,0.010305900010280311,33999,2
controlled-v1/missing_information_and_boundary_controls/02,FULL_INTERVAL,0.008747500003664754,0.007850199996028095,0.01078889999189414,5.2400006097741425e-05,0.008799900009762496,32758,2
controlled-v1/missing_information_and_boundary_controls/02,BOUNDED_REACHABILITY,0.0002513999934308231,0.000231999991228804,0.0002606000052765012,5.2400006097741425e-05,0.0003037999995285645,7909,0
controlled-v1/missing_information_and_boundary_controls/02,POISON,0.00023979999241419137,0.00022629999148193747,0.0003724000125657767,5.2400006097741425e-05,0.0002921999985119328,8161,0
controlled-v1/missing_information_and_boundary_controls/02,HAIRCUT,0.0004690999921876937,0.00019639999663922936,0.0006110000103944913,5.2400006097741425e-05,0.0005214999982854351,15145,0
controlled-v1/missing_information_and_boundary_controls/02,NO_CROSS_TARGET_COUPLING,0.009152099999482743,0.008809199993265793,0.011014799994882196,5.2400006097741425e-05,0.009204500005580485,42180,2
controlled-v1/missing_information_and_boundary_controls/03,NO_CROSS_TARGET_COUPLING,0.008550800004741177,0.00839109999651555,0.011400900009903125,3.819999983534217e-05,0.008589000004576519,40336,2
controlled-v1/missing_information_and_boundary_controls/03,NO_PROTOCOL_CONTINUATION,0.008173399997758679,0.0068681999982800335,0.01019490000908263,3.819999983534217e-05,0.008211599997594021,32775,2
controlled-v1/missing_information_and_boundary_controls/03,BALANCE_INFORMATION_REMOVED,0.008939799998188391,0.007629500003531575,0.009422200004337355,3.819999983534217e-05,0.008977999998023733,33959,2
controlled-v1/missing_information_and_boundary_controls/03,FULL_INTERVAL,0.008914699996239506,0.007661199997528456,0.010177899996051565,3.819999983534217e-05,0.008952899996074848,32497,2
controlled-v1/missing_information_and_boundary_controls/03,BOUNDED_REACHABILITY,0.0002347999979974702,0.000112599998828955,0.0002758999908110127,3.819999983534217e-05,0.00027299999783281237,7909,0
controlled-v1/missing_information_and_boundary_controls/03,POISON,0.00033549999352544546,0.0002401999954599887,0.00040129999979399145,3.819999983534217e-05,0.00037369999336078763,8161,0
controlled-v1/missing_information_and_boundary_controls/03,HAIRCUT,0.00038129999302327633,0.00014730000111740083,0.00045849999878555536,3.819999983534217e-05,0.0004194999928586185,15145,0
controlled-v1/missing_information_and_boundary_controls/04,BOUNDED_REACHABILITY,0.0003036999987671152,0.0002390000008745119,0.0005043999990448356,8.600007276982069e-06,0.00031230000604409724,6369,0
controlled-v1/missing_information_and_boundary_controls/04,POISON,0.00016540000797249377,8.420000085607171e-05,0.00030280000646598637,8.600007276982069e-06,0.00017400001524947584,6537,0
controlled-v1/missing_information_and_boundary_controls/04,HAIRCUT,8.459998934995383e-05,6.379999103955925e-05,0.00023609999334439635,8.600007276982069e-06,9.31999966269359e-05,6654,0
controlled-v1/missing_information_and_boundary_controls/04,NO_CROSS_TARGET_COUPLING,0.007410000005620532,0.006841099995654076,0.008793599990895018,8.600007276982069e-06,0.007418600012897514,28619,2
controlled-v1/missing_information_and_boundary_controls/04,NO_PROTOCOL_CONTINUATION,0.007145199997466989,0.0068832999968435615,0.009476899998844601,8.600007276982069e-06,0.007153800004743971,24052,2
controlled-v1/missing_information_and_boundary_controls/04,BALANCE_INFORMATION_REMOVED,0.008111299990559928,0.006257100001676008,0.009616199997253716,8.600007276982069e-06,0.00811989999783691,23865,2
controlled-v1/missing_information_and_boundary_controls/04,FULL_INTERVAL,0.007880500008468516,0.007153999991714954,0.009043099998962134,8.600007276982069e-06,0.007889100015745498,23917,2
controlled-v1/missing_information_and_boundary_controls/05,BALANCE_INFORMATION_REMOVED,0.007417200002237223,0.005676300002960488,0.008686600005603395,4.050000279676169e-05,0.007457700005033985,24019,2
controlled-v1/missing_information_and_boundary_controls/05,FULL_INTERVAL,0.008520699993823655,0.00695980001182761,0.009089999992283992,4.050000279676169e-05,0.008561199996620417,23821,2
controlled-v1/missing_information_and_boundary_controls/05,BOUNDED_REACHABILITY,8.550001075491309e-05,7.510000432375818e-05,0.00022030000400263816,4.050000279676169e-05,0.00012600001355167478,6369,0
controlled-v1/missing_information_and_boundary_controls/05,POISON,0.00023380000493489206,0.00022600000374950469,0.00029740000900346786,4.050000279676169e-05,0.00027430000773165375,6537,0
controlled-v1/missing_information_and_boundary_controls/05,HAIRCUT,0.0002502999996067956,0.00016429999959655106,0.00031289999606087804,4.050000279676169e-05,0.0002908000024035573,6762,0
controlled-v1/missing_information_and_boundary_controls/05,NO_CROSS_TARGET_COUPLING,0.0075317000009818,0.005715900013456121,0.008174400005373172,4.050000279676169e-05,0.007572200003778562,29694,2
controlled-v1/missing_information_and_boundary_controls/05,NO_PROTOCOL_CONTINUATION,0.007742300003883429,0.007198499995865859,0.008451199988485314,4.050000279676169e-05,0.0077828000066801906,23925,2
controlled-v1/missing_information_and_boundary_controls/06,NO_CROSS_TARGET_COUPLING,0.007150799996452406,0.006778599999961443,0.007890900000347756,3.2099997042678297e-05,0.007182899993495084,27236,2
controlled-v1/missing_information_and_boundary_controls/06,NO_PROTOCOL_CONTINUATION,0.007462399997166358,0.006351200005155988,0.008285100004286505,3.2099997042678297e-05,0.007494499994209036,24200,2
controlled-v1/missing_information_and_boundary_controls/06,BALANCE_INFORMATION_REMOVED,0.007989399993675761,0.007084500000928529,0.008978999991086312,3.2099997042678297e-05,0.00802149999071844,23872,2
controlled-v1/missing_information_and_boundary_controls/06,FULL_INTERVAL,0.007553699993877672,0.006743799996911548,0.00781410001218319,3.2099997042678297e-05,0.00758579999092035,23808,2
controlled-v1/missing_information_and_boundary_controls/06,BOUNDED_REACHABILITY,0.00021379999816417694,8.569999772589654e-05,0.00025409999943803996,3.2099997042678297e-05,0.00024589999520685524,6370,0
controlled-v1/missing_information_and_boundary_controls/06,POISON,0.0002339000056963414,0.0001959000073838979,0.00025519999326206744,3.2099997042678297e-05,0.0002660000027390197,6541,0
controlled-v1/missing_information_and_boundary_controls/06,HAIRCUT,0.00014959998952690512,0.0001421999913873151,0.0001762000028975308,3.2099997042678297e-05,0.00018169998656958342,6654,0
controlled-v1/missing_information_and_boundary_controls/07,NO_CROSS_TARGET_COUPLING,0.008099300001049414,0.0076468999905046076,0.010131300005014054,4.0700004319660366e-05,0.008140000005369075,27392,2
controlled-v1/missing_information_and_boundary_controls/07,NO_PROTOCOL_CONTINUATION,0.006334300007438287,0.0057769999984884635,0.009044100006576627,4.0700004319660366e-05,0.0063750000117579475,24246,2
controlled-v1/missing_information_and_boundary_controls/07,BALANCE_INFORMATION_REMOVED,0.008251899998867884,0.007227099995361641,0.008293699997011572,4.0700004319660366e-05,0.008292600003187545,23909,2
controlled-v1/missing_information_and_boundary_controls/07,FULL_INTERVAL,0.008665300003485754,0.0072586000023875386,0.011062200006563216,4.0700004319660366e-05,0.008706000007805414,24019,2
controlled-v1/missing_information_and_boundary_controls/07,BOUNDED_REACHABILITY,0.0001897999900393188,0.00018029999046120793,0.00021600000036414713,4.0700004319660366e-05,0.00023049999435897917,6369,0
controlled-v1/missing_information_and_boundary_controls/07,POISON,0.00019459999748505652,8.370001160074025e-05,0.00033620001340750605,4.0700004319660366e-05,0.00023530000180471689,6537,0
controlled-v1/missing_information_and_boundary_controls/07,HAIRCUT,7.219999679364264e-05,6.0999998822808266e-05,0.00020280000171624124,4.0700004319660366e-05,0.000112900001113303,6762,0
controlled-v1/missing_information_and_boundary_controls/08,BOUNDED_REACHABILITY,0.00011480000102892518,9.639999188948423e-05,0.0002542000001994893,3.12999909510836e-05,0.00014609999198000878,8193,0
controlled-v1/missing_information_and_boundary_controls/08,POISON,0.0002567999908933416,0.00022030000400263816,0.00027400000544730574,3.12999909510836e-05,0.0002880999818444252,8445,0
controlled-v1/missing_information_and_boundary_controls/08,HAIRCUT,0.00017789998673833907,0.00017129999469034374,0.00020879998919554055,3.12999909510836e-05,0.00020919997768942267,7913,0
controlled-v1/missing_information_and_boundary_controls/08,NO_CROSS_TARGET_COUPLING,0.009337299998151138,0.008748399995965883,0.010101200008648448,3.12999909510836e-05,0.009368599989102222,46583,2
controlled-v1/missing_information_and_boundary_controls/08,NO_PROTOCOL_CONTINUATION,0.009322500001871958,0.008065300004091114,0.009663499993621372,3.12999909510836e-05,0.009353799992823042,34267,2
controlled-v1/missing_information_and_boundary_controls/08,BALANCE_INFORMATION_REMOVED,0.009608899999875575,0.008667100002639927,0.010627099996781908,3.12999909510836e-05,0.009640199990826659,36114,2
controlled-v1/missing_information_and_boundary_controls/08,FULL_INTERVAL,0.008636500002467074,0.007202699998742901,0.009804899993469007,3.12999909510836e-05,0.008667799993418157,34041,2
controlled-v1/missing_information_and_boundary_controls/09,POISON,0.0002998999989358708,0.00025610000011511147,0.00044659999548457563,3.71999922208488e-05,0.0003370999911567196,8449,0
controlled-v1/missing_information_and_boundary_controls/09,HAIRCUT,0.00010279999696649611,7.790001109242439e-05,0.0002955999952973798,3.71999922208488e-05,0.0001399999891873449,8053,0
controlled-v1/missing_information_and_boundary_controls/09,NO_CROSS_TARGET_COUPLING,0.010126299996045418,0.008912899997085333,0.01040909999574069,3.71999922208488e-05,0.010163499988266267,43199,2
controlled-v1/missing_information_and_boundary_controls/09,NO_PROTOCOL_CONTINUATION,0.0081384000077378,0.007507199989049695,0.00959260000672657,3.71999922208488e-05,0.00817559999995865,34479,2
controlled-v1/missing_information_and_boundary_controls/09,BALANCE_INFORMATION_REMOVED,0.00943629999528639,0.00800590000289958,0.0098059000010835,3.71999922208488e-05,0.009473499987507239,36159,2
controlled-v1/missing_information_and_boundary_controls/09,FULL_INTERVAL,0.00899849999404978,0.008588700002292171,0.010286100005032495,3.71999922208488e-05,0.009035699986270629,34220,2
controlled-v1/missing_information_and_boundary_controls/09,BOUNDED_REACHABILITY,0.00024369999300688505,0.00023629999486729503,0.00029340000764932483,3.71999922208488e-05,0.00028089998522773385,8194,0
